snapshot_date,source_file,site_id,object_class,object_version,dist_name,operation
2026.05.14,MRBTS1012195.xml,1012195,com.nokia.srbts:MRBTS,SBTS25R2_2502_100,MRBTS-1012195,create
2026.05.14,MRBTS1012195.xml,1012195,com.nokia.srbts.eqm:EQM,EQM25R2_2503_111,MRBTS-1012195/EQM-1,create
2026.05.14,MRBTS1012195.xml,1012195,com.nokia.srbts.eqm:APEQM,EQM25R2_2503_111,MRBTS-1012195/EQM-1/APEQM-1,create
2026.05.14,MRBTS1012195.xml,1012195,com.nokia.srbts.eqm:ALD,EQM25R2_2503_111,MRBTS-1012195/EQM-1/APEQM-1/ALD-1,create
2026.05.14,MRBTS1012195.xml,1012195,com.nokia.srbts.eqm:RETU,EQM25R2_2503_111,MRBTS-1012195/EQM-1/APEQM-1/ALD-1/RETU-1,create
2026.05.14,MRBTS1012195.xml,1012195,com.nokia.srbts.eqm:ALD,EQM25R2_2503_111,MRBTS-1012195/EQM-1/APEQM-1/ALD-7,create
2026.05.14,MRBTS1012195.xml,1012195,com.nokia.srbts.eqm:RETU,EQM25R2_2503_111,MRBTS-1012195/EQM-1/APEQM-1/ALD-7/RETU-1,create
2026.05.14,MRBTS1012195.xml,1012195,com.nokia.srbts.eqm:ALD,EQM25R2_2503_111,MRBTS-1012195/EQM-1/APEQM-1/ALD-8,create
2026.05.14,MRBTS1012195.xml,1012195,com.nokia.srbts.eqm:RETU,EQM25R2_2503_111,MRBTS-1012195/EQM-1/APEQM-1/ALD-8/RETU-1,create
2026.05.14,MRBTS1012195.xml,1012195,com.nokia.srbts.eqm:CABINET,EQM25R2_2503_111,MRBTS-1012195/EQM-1/APEQM-1/CABINET-1,create
2026.05.14,MRBTS1012195.xml,1012195,com.nokia.srbts.eqm:BBMOD,EQM25R2_2503_111,MRBTS-1012195/EQM-1/APEQM-1/CABINET-1/BBMOD-1,create
2026.05.14,MRBTS1012195.xml,1012195,com.nokia.srbts.eqm:SMOD,EQM25R2_2503_111,MRBTS-1012195/EQM-1/APEQM-1/CABINET-1/SMOD-1,create
2026.05.14,MRBTS1012195.xml,1012195,com.nokia.srbts.eqm:RMOD,EQM25R2_2503_111,MRBTS-1012195/EQM-1/APEQM-1/RMOD-1,create
2026.05.14,MRBTS1012195.xml,1012195,com.nokia.srbts.eqm:ANTL,EQM25R2_2503_111,MRBTS-1012195/EQM-1/APEQM-1/RMOD-1/ANTL-1,create
2026.05.14,MRBTS1012195.xml,1012195,com.nokia.srbts.eqm:ANTL,EQM25R2_2503_111,MRBTS-1012195/EQM-1/APEQM-1/RMOD-1/ANTL-2,create
2026.05.14,MRBTS1012195.xml,1012195,com.nokia.srbts.eqm:ANTL,EQM25R2_2503_111,MRBTS-1012195/EQM-1/APEQM-1/RMOD-1/ANTL-3,create
2026.05.14,MRBTS1012195.xml,1012195,com.nokia.srbts.eqm:ANTL,EQM25R2_2503_111,MRBTS-1012195/EQM-1/APEQM-1/RMOD-1/ANTL-4,create
2026.05.14,MRBTS1012195.xml,1012195,com.nokia.srbts.eqm:ANTL,EQM25R2_2503_111,MRBTS-1012195/EQM-1/APEQM-1/RMOD-1/ANTL-5,create
2026.05.14,MRBTS1012195.xml,1012195,com.nokia.srbts.eqm:ANTL,EQM25R2_2503_111,MRBTS-1012195/EQM-1/APEQM-1/RMOD-1/ANTL-6,create
2026.05.14,MRBTS1012195.xml,1012195,com.nokia.srbts.eqm:ANTL,EQM25R2_2503_111,MRBTS-1012195/EQM-1/APEQM-1/RMOD-1/ANTL-7,create
2026.05.14,MRBTS1012195.xml,1012195,com.nokia.srbts.eqm:ANTL,EQM25R2_2503_111,MRBTS-1012195/EQM-1/APEQM-1/RMOD-1/ANTL-8,create
2026.05.14,MRBTS1012195.xml,1012195,com.nokia.srbts.eqm:RSL,EQM25R2_2503_111,MRBTS-1012195/EQM-1/APEQM-1/RMOD-1/RSL-1,create
2026.05.14,MRBTS1012195.xml,1012195,com.nokia.srbts.eqm:RMOD,EQM25R2_2503_111,MRBTS-1012195/EQM-1/APEQM-1/RMOD-2,create
2026.05.14,MRBTS1012195.xml,1012195,com.nokia.srbts.eqm:ANTL,EQM25R2_2503_111,MRBTS-1012195/EQM-1/APEQM-1/RMOD-2/ANTL-1,create
2026.05.14,MRBTS1012195.xml,1012195,com.nokia.srbts.eqm:ANTL,EQM25R2_2503_111,MRBTS-1012195/EQM-1/APEQM-1/RMOD-2/ANTL-2,create
2026.05.14,MRBTS1012195.xml,1012195,com.nokia.srbts.eqm:ANTL,EQM25R2_2503_111,MRBTS-1012195/EQM-1/APEQM-1/RMOD-2/ANTL-3,create
2026.05.14,MRBTS1012195.xml,1012195,com.nokia.srbts.eqm:ANTL,EQM25R2_2503_111,MRBTS-1012195/EQM-1/APEQM-1/RMOD-2/ANTL-4,create
2026.05.14,MRBTS1012195.xml,1012195,com.nokia.srbts.eqm:ANTL,EQM25R2_2503_111,MRBTS-1012195/EQM-1/APEQM-1/RMOD-2/ANTL-5,create
2026.05.14,MRBTS1012195.xml,1012195,com.nokia.srbts.eqm:ANTL,EQM25R2_2503_111,MRBTS-1012195/EQM-1/APEQM-1/RMOD-2/ANTL-6,create
2026.05.14,MRBTS1012195.xml,1012195,com.nokia.srbts.eqm:ANTL,EQM25R2_2503_111,MRBTS-1012195/EQM-1/APEQM-1/RMOD-2/ANTL-7,create
2026.05.14,MRBTS1012195.xml,1012195,com.nokia.srbts.eqm:ANTL,EQM25R2_2503_111,MRBTS-1012195/EQM-1/APEQM-1/RMOD-2/ANTL-8,create
2026.05.14,MRBTS1012195.xml,1012195,com.nokia.srbts.eqm:RSL,EQM25R2_2503_111,MRBTS-1012195/EQM-1/APEQM-1/RMOD-2/RSL-1,create
2026.05.14,MRBTS1012195.xml,1012195,com.nokia.srbts.eqm:RMOD,EQM25R2_2503_111,MRBTS-1012195/EQM-1/APEQM-1/RMOD-3,create
2026.05.14,MRBTS1012195.xml,1012195,com.nokia.srbts.eqm:ANTL,EQM25R2_2503_111,MRBTS-1012195/EQM-1/APEQM-1/RMOD-3/ANTL-1,create
2026.05.14,MRBTS1012195.xml,1012195,com.nokia.srbts.eqm:ANTL,EQM25R2_2503_111,MRBTS-1012195/EQM-1/APEQM-1/RMOD-3/ANTL-2,create
2026.05.14,MRBTS1012195.xml,1012195,com.nokia.srbts.eqm:ANTL,EQM25R2_2503_111,MRBTS-1012195/EQM-1/APEQM-1/RMOD-3/ANTL-3,create
2026.05.14,MRBTS1012195.xml,1012195,com.nokia.srbts.eqm:ANTL,EQM25R2_2503_111,MRBTS-1012195/EQM-1/APEQM-1/RMOD-3/ANTL-4,create
2026.05.14,MRBTS1012195.xml,1012195,com.nokia.srbts.eqm:ANTL,EQM25R2_2503_111,MRBTS-1012195/EQM-1/APEQM-1/RMOD-3/ANTL-5,create
2026.05.14,MRBTS1012195.xml,1012195,com.nokia.srbts.eqm:ANTL,EQM25R2_2503_111,MRBTS-1012195/EQM-1/APEQM-1/RMOD-3/ANTL-6,create
2026.05.14,MRBTS1012195.xml,1012195,com.nokia.srbts.eqm:ANTL,EQM25R2_2503_111,MRBTS-1012195/EQM-1/APEQM-1/RMOD-3/ANTL-7,create
2026.05.14,MRBTS1012195.xml,1012195,com.nokia.srbts.eqm:ANTL,EQM25R2_2503_111,MRBTS-1012195/EQM-1/APEQM-1/RMOD-3/ANTL-8,create
2026.05.14,MRBTS1012195.xml,1012195,com.nokia.srbts.eqm:RSL,EQM25R2_2503_111,MRBTS-1012195/EQM-1/APEQM-1/RMOD-3/RSL-1,create
2026.05.14,MRBTS1012195.xml,1012195,com.nokia.srbts.eqm:HWTOP,EQM25R2_2503_111,MRBTS-1012195/EQM-1/HWTOP-1,create
2026.05.14,MRBTS1012195.xml,1012195,com.nokia.srbts.eqm:CABLINK,EQM25R2_2503_111,MRBTS-1012195/EQM-1/HWTOP-1/CABLINK-1,create
2026.05.14,MRBTS1012195.xml,1012195,com.nokia.srbts.eqm:CABLINK,EQM25R2_2503_111,MRBTS-1012195/EQM-1/HWTOP-1/CABLINK-2,create
2026.05.14,MRBTS1012195.xml,1012195,com.nokia.srbts.eqm:CABLINK,EQM25R2_2503_111,MRBTS-1012195/EQM-1/HWTOP-1/CABLINK-3,create
2026.05.14,MRBTS1012195.xml,1012195,com.nokia.srbts.eqm:CABLINK,EQM25R2_2503_111,MRBTS-1012195/EQM-1/HWTOP-1/CABLINK-4,create
2026.05.14,MRBTS1012195.xml,1012195,com.nokia.srbts.eqm:LOGLINK,EQM25R2_2503_111,MRBTS-1012195/EQM-1/HWTOP-1/LOGLINK-1,create
2026.05.14,MRBTS1012195.xml,1012195,com.nokia.srbts.eqm:LOGLINK,EQM25R2_2503_111,MRBTS-1012195/EQM-1/HWTOP-1/LOGLINK-7,create
2026.05.14,MRBTS1012195.xml,1012195,com.nokia.srbts.eqm:LOGLINK,EQM25R2_2503_111,MRBTS-1012195/EQM-1/HWTOP-1/LOGLINK-8,create
2026.05.14,MRBTS1012195.xml,1012195,com.nokia.srbts.eqmr:EQM_R,EQMR25R2_2503_121,MRBTS-1012195/EQM_R-4,create
2026.05.14,MRBTS1012195.xml,1012195,com.nokia.srbts.eqmr:APEQM_R,EQMR25R2_2503_121,MRBTS-1012195/EQM_R-4/APEQM_R-1,create
2026.05.14,MRBTS1012195.xml,1012195,com.nokia.srbts.eqmr:ALD_R,EQMR25R2_2503_121,MRBTS-1012195/EQM_R-4/APEQM_R-1/ALD_R-7,create
2026.05.14,MRBTS1012195.xml,1012195,com.nokia.srbts.eqmr:RETU_R,EQMR25R2_2503_121,MRBTS-1012195/EQM_R-4/APEQM_R-1/ALD_R-7/RETU_R-1,create
2026.05.14,MRBTS1012195.xml,1012195,com.nokia.srbts.eqmr:ALD_R,EQMR25R2_2503_121,MRBTS-1012195/EQM_R-4/APEQM_R-1/ALD_R-8,create
2026.05.14,MRBTS1012195.xml,1012195,com.nokia.srbts.eqmr:RETU_R,EQMR25R2_2503_121,MRBTS-1012195/EQM_R-4/APEQM_R-1/ALD_R-8/RETU_R-1,create
2026.05.14,MRBTS1012195.xml,1012195,com.nokia.srbts.eqmr:ALD_R,EQMR25R2_2503_121,MRBTS-1012195/EQM_R-4/APEQM_R-1/ALD_R-9,create
2026.05.14,MRBTS1012195.xml,1012195,com.nokia.srbts.eqmr:RETU_R,EQMR25R2_2503_121,MRBTS-1012195/EQM_R-4/APEQM_R-1/ALD_R-9/RETU_R-1,create
2026.05.14,MRBTS1012195.xml,1012195,com.nokia.srbts.eqmr:CABINET_R,EQMR25R2_2503_121,MRBTS-1012195/EQM_R-4/APEQM_R-1/CABINET_R-1,create
2026.05.14,MRBTS1012195.xml,1012195,com.nokia.srbts.eqmr:BBMOD_R,EQMR25R2_2503_121,MRBTS-1012195/EQM_R-4/APEQM_R-1/CABINET_R-1/BBMOD_R-1,create
2026.05.14,MRBTS1012195.xml,1012195,com.nokia.srbts.eqmr:CONNECTOR_R,EQMR25R2_2503_121,MRBTS-1012195/EQM_R-4/APEQM_R-1/CABINET_R-1/BBMOD_R-1/CONNECTOR_R-1,create
2026.05.14,MRBTS1012195.xml,1012195,com.nokia.srbts.eqmr:CONNECTOR_R,EQMR25R2_2503_121,MRBTS-1012195/EQM_R-4/APEQM_R-1/CABINET_R-1/BBMOD_R-1/CONNECTOR_R-2,create
2026.05.14,MRBTS1012195.xml,1012195,com.nokia.srbts.eqmr:CONNECTOR_R,EQMR25R2_2503_121,MRBTS-1012195/EQM_R-4/APEQM_R-1/CABINET_R-1/BBMOD_R-1/CONNECTOR_R-3,create
2026.05.14,MRBTS1012195.xml,1012195,com.nokia.srbts.eqmr:CONNECTOR_R,EQMR25R2_2503_121,MRBTS-1012195/EQM_R-4/APEQM_R-1/CABINET_R-1/BBMOD_R-1/CONNECTOR_R-4,create
2026.05.14,MRBTS1012195.xml,1012195,com.nokia.srbts.eqmr:CONNECTOR_R,EQMR25R2_2503_121,MRBTS-1012195/EQM_R-4/APEQM_R-1/CABINET_R-1/BBMOD_R-1/CONNECTOR_R-5,create
2026.05.14,MRBTS1012195.xml,1012195,com.nokia.srbts.eqmr:CONNECTOR_R,EQMR25R2_2503_121,MRBTS-1012195/EQM_R-4/APEQM_R-1/CABINET_R-1/BBMOD_R-1/CONNECTOR_R-6,create
2026.05.14,MRBTS1012195.xml,1012195,com.nokia.srbts.eqmr:CONNECTOR_R,EQMR25R2_2503_121,MRBTS-1012195/EQM_R-4/APEQM_R-1/CABINET_R-1/BBMOD_R-1/CONNECTOR_R-7,create
2026.05.14,MRBTS1012195.xml,1012195,com.nokia.srbts.eqmr:CONNECTOR_R,EQMR25R2_2503_121,MRBTS-1012195/EQM_R-4/APEQM_R-1/CABINET_R-1/BBMOD_R-1/CONNECTOR_R-8,create
2026.05.14,MRBTS1012195.xml,1012195,com.nokia.srbts.eqmr:CONNECTOR_R,EQMR25R2_2503_121,MRBTS-1012195/EQM_R-4/APEQM_R-1/CABINET_R-1/BBMOD_R-1/CONNECTOR_R-9,create
2026.05.14,MRBTS1012195.xml,1012195,com.nokia.srbts.eqmr:POWERGROUP_R,EQMR25R2_2503_121,MRBTS-1012195/EQM_R-4/APEQM_R-1/CABINET_R-1/BBMOD_R-1/POWERGROUP_R-1,create
2026.05.14,MRBTS1012195.xml,1012195,com.nokia.srbts.eqmr:POWERGROUP_R,EQMR25R2_2503_121,MRBTS-1012195/EQM_R-4/APEQM_R-1/CABINET_R-1/BBMOD_R-1/POWERGROUP_R-2,create
2026.05.14,MRBTS1012195.xml,1012195,com.nokia.srbts.eqmr:SFP_R,EQMR25R2_2503_121,MRBTS-1012195/EQM_R-4/APEQM_R-1/CABINET_R-1/BBMOD_R-1/SFP_R-1,create
2026.05.14,MRBTS1012195.xml,1012195,com.nokia.srbts.eqmr:LANE_R,EQMR25R2_2503_121,MRBTS-1012195/EQM_R-4/APEQM_R-1/CABINET_R-1/BBMOD_R-1/SFP_R-1/LANE_R-1,create
2026.05.14,MRBTS1012195.xml,1012195,com.nokia.srbts.eqmr:SFP_R,EQMR25R2_2503_121,MRBTS-1012195/EQM_R-4/APEQM_R-1/CABINET_R-1/BBMOD_R-1/SFP_R-3,create
2026.05.14,MRBTS1012195.xml,1012195,com.nokia.srbts.eqmr:LANE_R,EQMR25R2_2503_121,MRBTS-1012195/EQM_R-4/APEQM_R-1/CABINET_R-1/BBMOD_R-1/SFP_R-3/LANE_R-1,create
2026.05.14,MRBTS1012195.xml,1012195,com.nokia.srbts.eqmr:SFP_R,EQMR25R2_2503_121,MRBTS-1012195/EQM_R-4/APEQM_R-1/CABINET_R-1/BBMOD_R-1/SFP_R-5,create
2026.05.14,MRBTS1012195.xml,1012195,com.nokia.srbts.eqmr:LANE_R,EQMR25R2_2503_121,MRBTS-1012195/EQM_R-4/APEQM_R-1/CABINET_R-1/BBMOD_R-1/SFP_R-5/LANE_R-1,create
2026.05.14,MRBTS1012195.xml,1012195,com.nokia.srbts.eqmr:FAN_R,EQMR25R2_2503_121,MRBTS-1012195/EQM_R-4/APEQM_R-1/CABINET_R-1/FAN_R-1,create
2026.05.14,MRBTS1012195.xml,1012195,com.nokia.srbts.eqmr:FAN_R,EQMR25R2_2503_121,MRBTS-1012195/EQM_R-4/APEQM_R-1/CABINET_R-1/FAN_R-2,create
2026.05.14,MRBTS1012195.xml,1012195,com.nokia.srbts.eqmr:SMOD_R,EQMR25R2_2503_121,MRBTS-1012195/EQM_R-4/APEQM_R-1/CABINET_R-1/SMOD_R-1,create
2026.05.14,MRBTS1012195.xml,1012195,com.nokia.srbts.eqmr:EAC_R,EQMR25R2_2503_121,MRBTS-1012195/EQM_R-4/APEQM_R-1/CABINET_R-1/SMOD_R-1/EAC_R-1,create
2026.05.14,MRBTS1012195.xml,1012195,com.nokia.srbts.eqmr:EAC_R,EQMR25R2_2503_121,MRBTS-1012195/EQM_R-4/APEQM_R-1/CABINET_R-1/SMOD_R-1/EAC_R-10,create
2026.05.14,MRBTS1012195.xml,1012195,com.nokia.srbts.eqmr:EAC_R,EQMR25R2_2503_121,MRBTS-1012195/EQM_R-4/APEQM_R-1/CABINET_R-1/SMOD_R-1/EAC_R-11,create
2026.05.14,MRBTS1012195.xml,1012195,com.nokia.srbts.eqmr:EAC_R,EQMR25R2_2503_121,MRBTS-1012195/EQM_R-4/APEQM_R-1/CABINET_R-1/SMOD_R-1/EAC_R-12,create
2026.05.14,MRBTS1012195.xml,1012195,com.nokia.srbts.eqmr:EAC_R,EQMR25R2_2503_121,MRBTS-1012195/EQM_R-4/APEQM_R-1/CABINET_R-1/SMOD_R-1/EAC_R-13,create
2026.05.14,MRBTS1012195.xml,1012195,com.nokia.srbts.eqmr:EAC_R,EQMR25R2_2503_121,MRBTS-1012195/EQM_R-4/APEQM_R-1/CABINET_R-1/SMOD_R-1/EAC_R-14,create
2026.05.14,MRBTS1012195.xml,1012195,com.nokia.srbts.eqmr:EAC_R,EQMR25R2_2503_121,MRBTS-1012195/EQM_R-4/APEQM_R-1/CABINET_R-1/SMOD_R-1/EAC_R-15,create
2026.05.14,MRBTS1012195.xml,1012195,com.nokia.srbts.eqmr:EAC_R,EQMR25R2_2503_121,MRBTS-1012195/EQM_R-4/APEQM_R-1/CABINET_R-1/SMOD_R-1/EAC_R-16,create
2026.05.14,MRBTS1012195.xml,1012195,com.nokia.srbts.eqmr:EAC_R,EQMR25R2_2503_121,MRBTS-1012195/EQM_R-4/APEQM_R-1/CABINET_R-1/SMOD_R-1/EAC_R-17,create
2026.05.14,MRBTS1012195.xml,1012195,com.nokia.srbts.eqmr:EAC_R,EQMR25R2_2503_121,MRBTS-1012195/EQM_R-4/APEQM_R-1/CABINET_R-1/SMOD_R-1/EAC_R-18,create
2026.05.14,MRBTS1012195.xml,1012195,com.nokia.srbts.eqmr:EAC_R,EQMR25R2_2503_121,MRBTS-1012195/EQM_R-4/APEQM_R-1/CABINET_R-1/SMOD_R-1/EAC_R-2,create
2026.05.14,MRBTS1012195.xml,1012195,com.nokia.srbts.eqmr:EAC_R,EQMR25R2_2503_121,MRBTS-1012195/EQM_R-4/APEQM_R-1/CABINET_R-1/SMOD_R-1/EAC_R-3,create
2026.05.14,MRBTS1012195.xml,1012195,com.nokia.srbts.eqmr:EAC_R,EQMR25R2_2503_121,MRBTS-1012195/EQM_R-4/APEQM_R-1/CABINET_R-1/SMOD_R-1/EAC_R-4,create
2026.05.14,MRBTS1012195.xml,1012195,com.nokia.srbts.eqmr:EAC_R,EQMR25R2_2503_121,MRBTS-1012195/EQM_R-4/APEQM_R-1/CABINET_R-1/SMOD_R-1/EAC_R-5,create
2026.05.14,MRBTS1012195.xml,1012195,com.nokia.srbts.eqmr:EAC_R,EQMR25R2_2503_121,MRBTS-1012195/EQM_R-4/APEQM_R-1/CABINET_R-1/SMOD_R-1/EAC_R-6,create
2026.05.14,MRBTS1012195.xml,1012195,com.nokia.srbts.eqmr:EAC_R,EQMR25R2_2503_121,MRBTS-1012195/EQM_R-4/APEQM_R-1/CABINET_R-1/SMOD_R-1/EAC_R-7,create
2026.05.14,MRBTS1012195.xml,1012195,com.nokia.srbts.eqmr:EAC_R,EQMR25R2_2503_121,MRBTS-1012195/EQM_R-4/APEQM_R-1/CABINET_R-1/SMOD_R-1/EAC_R-8,create
2026.05.14,MRBTS1012195.xml,1012195,com.nokia.srbts.eqmr:EAC_R,EQMR25R2_2503_121,MRBTS-1012195/EQM_R-4/APEQM_R-1/CABINET_R-1/SMOD_R-1/EAC_R-9,create
2026.05.14,MRBTS1012195.xml,1012195,com.nokia.srbts.eqmr:GNSSE_R,EQMR25R2_2503_121,MRBTS-1012195/EQM_R-4/APEQM_R-1/CABINET_R-1/SMOD_R-1/GNSSE_R-1,create
2026.05.14,MRBTS1012195.xml,1012195,com.nokia.srbts.eqmr:PFOE_R,EQMR25R2_2503_121,MRBTS-1012195/EQM_R-4/APEQM_R-1/CABINET_R-1/SMOD_R-1/PFOE_R-1,create
2026.05.14,MRBTS1012195.xml,1012195,com.nokia.srbts.eqmr:SFP_R,EQMR25R2_2503_121,MRBTS-1012195/EQM_R-4/APEQM_R-1/CABINET_R-1/SMOD_R-1/SFP_R-26,create
2026.05.14,MRBTS1012195.xml,1012195,com.nokia.srbts.eqmr:LANE_R,EQMR25R2_2503_121,MRBTS-1012195/EQM_R-4/APEQM_R-1/CABINET_R-1/SMOD_R-1/SFP_R-26/LANE_R-1,create
2026.05.14,MRBTS1012195.xml,1012195,com.nokia.srbts.eqmr:SFP_R,EQMR25R2_2503_121,MRBTS-1012195/EQM_R-4/APEQM_R-1/CABINET_R-1/SMOD_R-1/SFP_R-27,create
2026.05.14,MRBTS1012195.xml,1012195,com.nokia.srbts.eqmr:LANE_R,EQMR25R2_2503_121,MRBTS-1012195/EQM_R-4/APEQM_R-1/CABINET_R-1/SMOD_R-1/SFP_R-27/LANE_R-1,create
2026.05.14,MRBTS1012195.xml,1012195,com.nokia.srbts.eqmr:RMOD_R,EQMR25R2_2503_121,MRBTS-1012195/EQM_R-4/APEQM_R-1/RMOD_R-1,create
2026.05.14,MRBTS1012195.xml,1012195,com.nokia.srbts.eqmr:ANTL_R,EQMR25R2_2503_121,MRBTS-1012195/EQM_R-4/APEQM_R-1/RMOD_R-1/ANTL_R-1,create
2026.05.14,MRBTS1012195.xml,1012195,com.nokia.srbts.eqmr:ANTL_R,EQMR25R2_2503_121,MRBTS-1012195/EQM_R-4/APEQM_R-1/RMOD_R-1/ANTL_R-2,create
2026.05.14,MRBTS1012195.xml,1012195,com.nokia.srbts.eqmr:ANTL_R,EQMR25R2_2503_121,MRBTS-1012195/EQM_R-4/APEQM_R-1/RMOD_R-1/ANTL_R-3,create
2026.05.14,MRBTS1012195.xml,1012195,com.nokia.srbts.eqmr:ANTL_R,EQMR25R2_2503_121,MRBTS-1012195/EQM_R-4/APEQM_R-1/RMOD_R-1/ANTL_R-4,create
2026.05.14,MRBTS1012195.xml,1012195,com.nokia.srbts.eqmr:ANTL_R,EQMR25R2_2503_121,MRBTS-1012195/EQM_R-4/APEQM_R-1/RMOD_R-1/ANTL_R-5,create
2026.05.14,MRBTS1012195.xml,1012195,com.nokia.srbts.eqmr:ANTL_R,EQMR25R2_2503_121,MRBTS-1012195/EQM_R-4/APEQM_R-1/RMOD_R-1/ANTL_R-6,create
2026.05.14,MRBTS1012195.xml,1012195,com.nokia.srbts.eqmr:ANTL_R,EQMR25R2_2503_121,MRBTS-1012195/EQM_R-4/APEQM_R-1/RMOD_R-1/ANTL_R-7,create
2026.05.14,MRBTS1012195.xml,1012195,com.nokia.srbts.eqmr:ANTL_R,EQMR25R2_2503_121,MRBTS-1012195/EQM_R-4/APEQM_R-1/RMOD_R-1/ANTL_R-8,create
2026.05.14,MRBTS1012195.xml,1012195,com.nokia.srbts.eqmr:EAC_R,EQMR25R2_2503_121,MRBTS-1012195/EQM_R-4/APEQM_R-1/RMOD_R-1/EAC_R-1,create
2026.05.14,MRBTS1012195.xml,1012195,com.nokia.srbts.eqmr:EAC_R,EQMR25R2_2503_121,MRBTS-1012195/EQM_R-4/APEQM_R-1/RMOD_R-1/EAC_R-11,create
2026.05.14,MRBTS1012195.xml,1012195,com.nokia.srbts.eqmr:EAC_R,EQMR25R2_2503_121,MRBTS-1012195/EQM_R-4/APEQM_R-1/RMOD_R-1/EAC_R-2,create
2026.05.14,MRBTS1012195.xml,1012195,com.nokia.srbts.eqmr:EAC_R,EQMR25R2_2503_121,MRBTS-1012195/EQM_R-4/APEQM_R-1/RMOD_R-1/EAC_R-3,create
2026.05.14,MRBTS1012195.xml,1012195,com.nokia.srbts.eqmr:EAC_R,EQMR25R2_2503_121,MRBTS-1012195/EQM_R-4/APEQM_R-1/RMOD_R-1/EAC_R-5,create
2026.05.14,MRBTS1012195.xml,1012195,com.nokia.srbts.eqmr:EAC_R,EQMR25R2_2503_121,MRBTS-1012195/EQM_R-4/APEQM_R-1/RMOD_R-1/EAC_R-7,create
2026.05.14,MRBTS1012195.xml,1012195,com.nokia.srbts.eqmr:EAC_R,EQMR25R2_2503_121,MRBTS-1012195/EQM_R-4/APEQM_R-1/RMOD_R-1/EAC_R-9,create
2026.05.14,MRBTS1012195.xml,1012195,com.nokia.srbts.eqmr:FAN_R,EQMR25R2_2503_121,MRBTS-1012195/EQM_R-4/APEQM_R-1/RMOD_R-1/FAN_R-1,create
2026.05.14,MRBTS1012195.xml,1012195,com.nokia.srbts.eqmr:FAN_R,EQMR25R2_2503_121,MRBTS-1012195/EQM_R-4/APEQM_R-1/RMOD_R-1/FAN_R-2,create
2026.05.14,MRBTS1012195.xml,1012195,com.nokia.srbts.eqmr:FAN_R,EQMR25R2_2503_121,MRBTS-1012195/EQM_R-4/APEQM_R-1/RMOD_R-1/FAN_R-3,create
2026.05.14,MRBTS1012195.xml,1012195,com.nokia.srbts.eqmr:RSL_R,EQMR25R2_2503_121,MRBTS-1012195/EQM_R-4/APEQM_R-1/RMOD_R-1/RSL_R-1,create
2026.05.14,MRBTS1012195.xml,1012195,com.nokia.srbts.eqmr:SFP_R,EQMR25R2_2503_121,MRBTS-1012195/EQM_R-4/APEQM_R-1/RMOD_R-1/SFP_R-1,create
2026.05.14,MRBTS1012195.xml,1012195,com.nokia.srbts.eqmr:LANE_R,EQMR25R2_2503_121,MRBTS-1012195/EQM_R-4/APEQM_R-1/RMOD_R-1/SFP_R-1/LANE_R-1,create
2026.05.14,MRBTS1012195.xml,1012195,com.nokia.srbts.eqmr:RMOD_R,EQMR25R2_2503_121,MRBTS-1012195/EQM_R-4/APEQM_R-1/RMOD_R-2,create
2026.05.14,MRBTS1012195.xml,1012195,com.nokia.srbts.eqmr:ANTL_R,EQMR25R2_2503_121,MRBTS-1012195/EQM_R-4/APEQM_R-1/RMOD_R-2/ANTL_R-1,create
2026.05.14,MRBTS1012195.xml,1012195,com.nokia.srbts.eqmr:ANTL_R,EQMR25R2_2503_121,MRBTS-1012195/EQM_R-4/APEQM_R-1/RMOD_R-2/ANTL_R-2,create
2026.05.14,MRBTS1012195.xml,1012195,com.nokia.srbts.eqmr:ANTL_R,EQMR25R2_2503_121,MRBTS-1012195/EQM_R-4/APEQM_R-1/RMOD_R-2/ANTL_R-3,create
2026.05.14,MRBTS1012195.xml,1012195,com.nokia.srbts.eqmr:ANTL_R,EQMR25R2_2503_121,MRBTS-1012195/EQM_R-4/APEQM_R-1/RMOD_R-2/ANTL_R-4,create
2026.05.14,MRBTS1012195.xml,1012195,com.nokia.srbts.eqmr:ANTL_R,EQMR25R2_2503_121,MRBTS-1012195/EQM_R-4/APEQM_R-1/RMOD_R-2/ANTL_R-5,create
2026.05.14,MRBTS1012195.xml,1012195,com.nokia.srbts.eqmr:ANTL_R,EQMR25R2_2503_121,MRBTS-1012195/EQM_R-4/APEQM_R-1/RMOD_R-2/ANTL_R-6,create
2026.05.14,MRBTS1012195.xml,1012195,com.nokia.srbts.eqmr:ANTL_R,EQMR25R2_2503_121,MRBTS-1012195/EQM_R-4/APEQM_R-1/RMOD_R-2/ANTL_R-7,create
2026.05.14,MRBTS1012195.xml,1012195,com.nokia.srbts.eqmr:ANTL_R,EQMR25R2_2503_121,MRBTS-1012195/EQM_R-4/APEQM_R-1/RMOD_R-2/ANTL_R-8,create
2026.05.14,MRBTS1012195.xml,1012195,com.nokia.srbts.eqmr:EAC_R,EQMR25R2_2503_121,MRBTS-1012195/EQM_R-4/APEQM_R-1/RMOD_R-2/EAC_R-1,create
2026.05.14,MRBTS1012195.xml,1012195,com.nokia.srbts.eqmr:EAC_R,EQMR25R2_2503_121,MRBTS-1012195/EQM_R-4/APEQM_R-1/RMOD_R-2/EAC_R-11,create
2026.05.14,MRBTS1012195.xml,1012195,com.nokia.srbts.eqmr:EAC_R,EQMR25R2_2503_121,MRBTS-1012195/EQM_R-4/APEQM_R-1/RMOD_R-2/EAC_R-2,create
2026.05.14,MRBTS1012195.xml,1012195,com.nokia.srbts.eqmr:EAC_R,EQMR25R2_2503_121,MRBTS-1012195/EQM_R-4/APEQM_R-1/RMOD_R-2/EAC_R-3,create
2026.05.14,MRBTS1012195.xml,1012195,com.nokia.srbts.eqmr:EAC_R,EQMR25R2_2503_121,MRBTS-1012195/EQM_R-4/APEQM_R-1/RMOD_R-2/EAC_R-5,create
2026.05.14,MRBTS1012195.xml,1012195,com.nokia.srbts.eqmr:EAC_R,EQMR25R2_2503_121,MRBTS-1012195/EQM_R-4/APEQM_R-1/RMOD_R-2/EAC_R-7,create
2026.05.14,MRBTS1012195.xml,1012195,com.nokia.srbts.eqmr:EAC_R,EQMR25R2_2503_121,MRBTS-1012195/EQM_R-4/APEQM_R-1/RMOD_R-2/EAC_R-9,create
2026.05.14,MRBTS1012195.xml,1012195,com.nokia.srbts.eqmr:FAN_R,EQMR25R2_2503_121,MRBTS-1012195/EQM_R-4/APEQM_R-1/RMOD_R-2/FAN_R-1,create
2026.05.14,MRBTS1012195.xml,1012195,com.nokia.srbts.eqmr:FAN_R,EQMR25R2_2503_121,MRBTS-1012195/EQM_R-4/APEQM_R-1/RMOD_R-2/FAN_R-2,create
2026.05.14,MRBTS1012195.xml,1012195,com.nokia.srbts.eqmr:FAN_R,EQMR25R2_2503_121,MRBTS-1012195/EQM_R-4/APEQM_R-1/RMOD_R-2/FAN_R-3,create
2026.05.14,MRBTS1012195.xml,1012195,com.nokia.srbts.eqmr:RSL_R,EQMR25R2_2503_121,MRBTS-1012195/EQM_R-4/APEQM_R-1/RMOD_R-2/RSL_R-1,create
2026.05.14,MRBTS1012195.xml,1012195,com.nokia.srbts.eqmr:SFP_R,EQMR25R2_2503_121,MRBTS-1012195/EQM_R-4/APEQM_R-1/RMOD_R-2/SFP_R-1,create
2026.05.14,MRBTS1012195.xml,1012195,com.nokia.srbts.eqmr:LANE_R,EQMR25R2_2503_121,MRBTS-1012195/EQM_R-4/APEQM_R-1/RMOD_R-2/SFP_R-1/LANE_R-1,create
2026.05.14,MRBTS1012195.xml,1012195,com.nokia.srbts.eqmr:RMOD_R,EQMR25R2_2503_121,MRBTS-1012195/EQM_R-4/APEQM_R-1/RMOD_R-3,create
2026.05.14,MRBTS1012195.xml,1012195,com.nokia.srbts.eqmr:ANTL_R,EQMR25R2_2503_121,MRBTS-1012195/EQM_R-4/APEQM_R-1/RMOD_R-3/ANTL_R-1,create
2026.05.14,MRBTS1012195.xml,1012195,com.nokia.srbts.eqmr:ANTL_R,EQMR25R2_2503_121,MRBTS-1012195/EQM_R-4/APEQM_R-1/RMOD_R-3/ANTL_R-2,create
2026.05.14,MRBTS1012195.xml,1012195,com.nokia.srbts.eqmr:ANTL_R,EQMR25R2_2503_121,MRBTS-1012195/EQM_R-4/APEQM_R-1/RMOD_R-3/ANTL_R-3,create
2026.05.14,MRBTS1012195.xml,1012195,com.nokia.srbts.eqmr:ANTL_R,EQMR25R2_2503_121,MRBTS-1012195/EQM_R-4/APEQM_R-1/RMOD_R-3/ANTL_R-4,create
2026.05.14,MRBTS1012195.xml,1012195,com.nokia.srbts.eqmr:ANTL_R,EQMR25R2_2503_121,MRBTS-1012195/EQM_R-4/APEQM_R-1/RMOD_R-3/ANTL_R-5,create
2026.05.14,MRBTS1012195.xml,1012195,com.nokia.srbts.eqmr:ANTL_R,EQMR25R2_2503_121,MRBTS-1012195/EQM_R-4/APEQM_R-1/RMOD_R-3/ANTL_R-6,create
2026.05.14,MRBTS1012195.xml,1012195,com.nokia.srbts.eqmr:ANTL_R,EQMR25R2_2503_121,MRBTS-1012195/EQM_R-4/APEQM_R-1/RMOD_R-3/ANTL_R-7,create
2026.05.14,MRBTS1012195.xml,1012195,com.nokia.srbts.eqmr:ANTL_R,EQMR25R2_2503_121,MRBTS-1012195/EQM_R-4/APEQM_R-1/RMOD_R-3/ANTL_R-8,create
2026.05.14,MRBTS1012195.xml,1012195,com.nokia.srbts.eqmr:EAC_R,EQMR25R2_2503_121,MRBTS-1012195/EQM_R-4/APEQM_R-1/RMOD_R-3/EAC_R-1,create
2026.05.14,MRBTS1012195.xml,1012195,com.nokia.srbts.eqmr:EAC_R,EQMR25R2_2503_121,MRBTS-1012195/EQM_R-4/APEQM_R-1/RMOD_R-3/EAC_R-11,create
2026.05.14,MRBTS1012195.xml,1012195,com.nokia.srbts.eqmr:EAC_R,EQMR25R2_2503_121,MRBTS-1012195/EQM_R-4/APEQM_R-1/RMOD_R-3/EAC_R-2,create
2026.05.14,MRBTS1012195.xml,1012195,com.nokia.srbts.eqmr:EAC_R,EQMR25R2_2503_121,MRBTS-1012195/EQM_R-4/APEQM_R-1/RMOD_R-3/EAC_R-3,create
2026.05.14,MRBTS1012195.xml,1012195,com.nokia.srbts.eqmr:EAC_R,EQMR25R2_2503_121,MRBTS-1012195/EQM_R-4/APEQM_R-1/RMOD_R-3/EAC_R-5,create
2026.05.14,MRBTS1012195.xml,1012195,com.nokia.srbts.eqmr:EAC_R,EQMR25R2_2503_121,MRBTS-1012195/EQM_R-4/APEQM_R-1/RMOD_R-3/EAC_R-7,create
2026.05.14,MRBTS1012195.xml,1012195,com.nokia.srbts.eqmr:EAC_R,EQMR25R2_2503_121,MRBTS-1012195/EQM_R-4/APEQM_R-1/RMOD_R-3/EAC_R-9,create
2026.05.14,MRBTS1012195.xml,1012195,com.nokia.srbts.eqmr:FAN_R,EQMR25R2_2503_121,MRBTS-1012195/EQM_R-4/APEQM_R-1/RMOD_R-3/FAN_R-1,create
2026.05.14,MRBTS1012195.xml,1012195,com.nokia.srbts.eqmr:FAN_R,EQMR25R2_2503_121,MRBTS-1012195/EQM_R-4/APEQM_R-1/RMOD_R-3/FAN_R-2,create
2026.05.14,MRBTS1012195.xml,1012195,com.nokia.srbts.eqmr:FAN_R,EQMR25R2_2503_121,MRBTS-1012195/EQM_R-4/APEQM_R-1/RMOD_R-3/FAN_R-3,create
2026.05.14,MRBTS1012195.xml,1012195,com.nokia.srbts.eqmr:RSL_R,EQMR25R2_2503_121,MRBTS-1012195/EQM_R-4/APEQM_R-1/RMOD_R-3/RSL_R-1,create
2026.05.14,MRBTS1012195.xml,1012195,com.nokia.srbts.eqmr:SFP_R,EQMR25R2_2503_121,MRBTS-1012195/EQM_R-4/APEQM_R-1/RMOD_R-3/SFP_R-1,create
2026.05.14,MRBTS1012195.xml,1012195,com.nokia.srbts.eqmr:LANE_R,EQMR25R2_2503_121,MRBTS-1012195/EQM_R-4/APEQM_R-1/RMOD_R-3/SFP_R-1/LANE_R-1,create
2026.05.14,MRBTS1012195.xml,1012195,com.nokia.srbts.eqmr:HWTOP_R,EQMR25R2_2503_121,MRBTS-1012195/EQM_R-4/HWTOP_R-1,create
2026.05.14,MRBTS1012195.xml,1012195,com.nokia.srbts.eqmr:CABLINK_R,EQMR25R2_2503_121,MRBTS-1012195/EQM_R-4/HWTOP_R-1/CABLINK_R-1,create
2026.05.14,MRBTS1012195.xml,1012195,com.nokia.srbts.eqmr:CABLINK_R,EQMR25R2_2503_121,MRBTS-1012195/EQM_R-4/HWTOP_R-1/CABLINK_R-1001,create
2026.05.14,MRBTS1012195.xml,1012195,com.nokia.srbts.eqmr:CABLINK_R,EQMR25R2_2503_121,MRBTS-1012195/EQM_R-4/HWTOP_R-1/CABLINK_R-1002,create
2026.05.14,MRBTS1012195.xml,1012195,com.nokia.srbts.eqmr:CABLINK_R,EQMR25R2_2503_121,MRBTS-1012195/EQM_R-4/HWTOP_R-1/CABLINK_R-1003,create
2026.05.14,MRBTS1012195.xml,1012195,com.nokia.srbts.eqmr:LOGLINK_R,EQMR25R2_2503_121,MRBTS-1012195/EQM_R-4/HWTOP_R-1/LOGLINK_R-1,create
2026.05.14,MRBTS1012195.xml,1012195,com.nokia.srbts.eqmr:LOGLINK_R,EQMR25R2_2503_121,MRBTS-1012195/EQM_R-4/HWTOP_R-1/LOGLINK_R-2,create
2026.05.14,MRBTS1012195.xml,1012195,com.nokia.srbts.eqmr:LOGLINK_R,EQMR25R2_2503_121,MRBTS-1012195/EQM_R-4/HWTOP_R-1/LOGLINK_R-3,create
2026.05.14,MRBTS1012195.xml,1012195,NOKLTE:LNBTS,xL25R2_2503_121,MRBTS-1012195/LNBTS-1012195,create
2026.05.14,MRBTS1012195.xml,1012195,NOKLTE:ACBPR,xL25R2_2503_121,MRBTS-1012195/LNBTS-1012195/ACBPR-0,create
2026.05.14,MRBTS1012195.xml,1012195,NOKLTE:ANR,xL25R2_2503_121,MRBTS-1012195/LNBTS-1012195/ANR-0,create
2026.05.14,MRBTS1012195.xml,1012195,NOKLTE:ANRPRL,xL25R2_2503_121,MRBTS-1012195/LNBTS-1012195/ANRPRL-0,create
2026.05.14,MRBTS1012195.xml,1012195,NOKLTE:CADPR,xL25R2_2503_121,MRBTS-1012195/LNBTS-1012195/CADPR-0,create
2026.05.14,MRBTS1012195.xml,1012195,NOKLTE:CAGENB,xL25R2_2503_121,MRBTS-1012195/LNBTS-1012195/CAGENB-0,create
2026.05.14,MRBTS1012195.xml,1012195,NOKLTE:CTRLTS,xL25R2_2503_121,MRBTS-1012195/LNBTS-1012195/CTRLTS-1,create
2026.05.14,MRBTS1012195.xml,1012195,NOKLTE:LTRACE,xL25R2_2503_121,MRBTS-1012195/LNBTS-1012195/CTRLTS-1/LTRACE-11,create
2026.05.14,MRBTS1012195.xml,1012195,NOKLTE:LTRACE,xL25R2_2503_121,MRBTS-1012195/LNBTS-1012195/CTRLTS-1/LTRACE-12,create
2026.05.14,MRBTS1012195.xml,1012195,NOKLTE:LTRACE,xL25R2_2503_121,MRBTS-1012195/LNBTS-1012195/CTRLTS-1/LTRACE-13,create
2026.05.14,MRBTS1012195.xml,1012195,NOKLTE:LTRACE,xL25R2_2503_121,MRBTS-1012195/LNBTS-1012195/CTRLTS-1/LTRACE-21,create
2026.05.14,MRBTS1012195.xml,1012195,NOKLTE:LTRACE,xL25R2_2503_121,MRBTS-1012195/LNBTS-1012195/CTRLTS-1/LTRACE-22,create
2026.05.14,MRBTS1012195.xml,1012195,NOKLTE:LTRACE,xL25R2_2503_121,MRBTS-1012195/LNBTS-1012195/CTRLTS-1/LTRACE-23,create
2026.05.14,MRBTS1012195.xml,1012195,NOKLTE:MTRACE,xL25R2_2503_121,MRBTS-1012195/LNBTS-1012195/CTRLTS-1/MTRACE-11,create
2026.05.14,MRBTS1012195.xml,1012195,NOKLTE:MTRACE,xL25R2_2503_121,MRBTS-1012195/LNBTS-1012195/CTRLTS-1/MTRACE-12,create
2026.05.14,MRBTS1012195.xml,1012195,NOKLTE:MTRACE,xL25R2_2503_121,MRBTS-1012195/LNBTS-1012195/CTRLTS-1/MTRACE-13,create
2026.05.14,MRBTS1012195.xml,1012195,NOKLTE:MTRACE,xL25R2_2503_121,MRBTS-1012195/LNBTS-1012195/CTRLTS-1/MTRACE-21,create
2026.05.14,MRBTS1012195.xml,1012195,NOKLTE:MTRACE,xL25R2_2503_121,MRBTS-1012195/LNBTS-1012195/CTRLTS-1/MTRACE-22,create
2026.05.14,MRBTS1012195.xml,1012195,NOKLTE:MTRACE,xL25R2_2503_121,MRBTS-1012195/LNBTS-1012195/CTRLTS-1/MTRACE-23,create
2026.05.14,MRBTS1012195.xml,1012195,NOKLTE:GTPU,xL25R2_2503_121,MRBTS-1012195/LNBTS-1012195/GTPU-1,create
2026.05.14,MRBTS1012195.xml,1012195,NOKLTE:LBPUCCHRDPR,xL25R2_2503_121,MRBTS-1012195/LNBTS-1012195/LBPUCCHRDPR-0,create
2026.05.14,MRBTS1012195.xml,1012195,NOKLTE:LNADJ,xL25R2_2503_121,MRBTS-1012195/LNBTS-1012195/LNADJ-1,create
2026.05.14,MRBTS1012195.xml,1012195,NOKLTE:LNADJL,xL25R2_2503_121,MRBTS-1012195/LNBTS-1012195/LNADJ-1/LNADJL-0,create
2026.05.14,MRBTS1012195.xml,1012195,NOKLTE:LNADJL,xL25R2_2503_121,MRBTS-1012195/LNBTS-1012195/LNADJ-1/LNADJL-1,create
2026.05.14,MRBTS1012195.xml,1012195,NOKLTE:LNADJL,xL25R2_2503_121,MRBTS-1012195/LNBTS-1012195/LNADJ-1/LNADJL-2,create
2026.05.14,MRBTS1012195.xml,1012195,NOKLTE:LNADJL,xL25R2_2503_121,MRBTS-1012195/LNBTS-1012195/LNADJ-1/LNADJL-3,create
2026.05.14,MRBTS1012195.xml,1012195,NOKLTE:LNADJL,xL25R2_2503_121,MRBTS-1012195/LNBTS-1012195/LNADJ-1/LNADJL-4,create
2026.05.14,MRBTS1012195.xml,1012195,NOKLTE:LNADJL,xL25R2_2503_121,MRBTS-1012195/LNBTS-1012195/LNADJ-1/LNADJL-5,create
2026.05.14,MRBTS1012195.xml,1012195,NOKLTE:LNADJL,xL25R2_2503_121,MRBTS-1012195/LNBTS-1012195/LNADJ-1/LNADJL-6,create
2026.05.14,MRBTS1012195.xml,1012195,NOKLTE:LNADJL,xL25R2_2503_121,MRBTS-1012195/LNBTS-1012195/LNADJ-1/LNADJL-7,create
2026.05.14,MRBTS1012195.xml,1012195,NOKLTE:LNADJL,xL25R2_2503_121,MRBTS-1012195/LNBTS-1012195/LNADJ-1/LNADJL-8,create
2026.05.14,MRBTS1012195.xml,1012195,NOKLTE:LNADJ,xL25R2_2503_121,MRBTS-1012195/LNBTS-1012195/LNADJ-228,create
2026.05.14,MRBTS1012195.xml,1012195,NOKLTE:LNADJL,xL25R2_2503_121,MRBTS-1012195/LNBTS-1012195/LNADJ-228/LNADJL-247,create
2026.05.14,MRBTS1012195.xml,1012195,NOKLTE:LNADJL,xL25R2_2503_121,MRBTS-1012195/LNBTS-1012195/LNADJ-228/LNADJL-248,create
2026.05.14,MRBTS1012195.xml,1012195,NOKLTE:LNADJL,xL25R2_2503_121,MRBTS-1012195/LNBTS-1012195/LNADJ-228/LNADJL-249,create
2026.05.14,MRBTS1012195.xml,1012195,NOKLTE:LNADJL,xL25R2_2503_121,MRBTS-1012195/LNBTS-1012195/LNADJ-228/LNADJL-250,create
2026.05.14,MRBTS1012195.xml,1012195,NOKLTE:LNADJL,xL25R2_2503_121,MRBTS-1012195/LNBTS-1012195/LNADJ-228/LNADJL-251,create
2026.05.14,MRBTS1012195.xml,1012195,NOKLTE:LNADJL,xL25R2_2503_121,MRBTS-1012195/LNBTS-1012195/LNADJ-228/LNADJL-252,create
2026.05.14,MRBTS1012195.xml,1012195,NOKLTE:LNADJL,xL25R2_2503_121,MRBTS-1012195/LNBTS-1012195/LNADJ-228/LNADJL-253,create
2026.05.14,MRBTS1012195.xml,1012195,NOKLTE:LNADJL,xL25R2_2503_121,MRBTS-1012195/LNBTS-1012195/LNADJ-228/LNADJL-254,create
2026.05.14,MRBTS1012195.xml,1012195,NOKLTE:LNADJL,xL25R2_2503_121,MRBTS-1012195/LNBTS-1012195/LNADJ-228/LNADJL-255,create
2026.05.14,MRBTS1012195.xml,1012195,NOKLTE:LNADJ,xL25R2_2503_121,MRBTS-1012195/LNBTS-1012195/LNADJ-229,create
2026.05.14,MRBTS1012195.xml,1012195,NOKLTE:LNADJL,xL25R2_2503_121,MRBTS-1012195/LNBTS-1012195/LNADJ-229/LNADJL-247,create
2026.05.14,MRBTS1012195.xml,1012195,NOKLTE:LNADJL,xL25R2_2503_121,MRBTS-1012195/LNBTS-1012195/LNADJ-229/LNADJL-248,create
2026.05.14,MRBTS1012195.xml,1012195,NOKLTE:LNADJL,xL25R2_2503_121,MRBTS-1012195/LNBTS-1012195/LNADJ-229/LNADJL-249,create
2026.05.14,MRBTS1012195.xml,1012195,NOKLTE:LNADJL,xL25R2_2503_121,MRBTS-1012195/LNBTS-1012195/LNADJ-229/LNADJL-250,create
2026.05.14,MRBTS1012195.xml,1012195,NOKLTE:LNADJL,xL25R2_2503_121,MRBTS-1012195/LNBTS-1012195/LNADJ-229/LNADJL-251,create
2026.05.14,MRBTS1012195.xml,1012195,NOKLTE:LNADJL,xL25R2_2503_121,MRBTS-1012195/LNBTS-1012195/LNADJ-229/LNADJL-252,create
2026.05.14,MRBTS1012195.xml,1012195,NOKLTE:LNADJL,xL25R2_2503_121,MRBTS-1012195/LNBTS-1012195/LNADJ-229/LNADJL-253,create
2026.05.14,MRBTS1012195.xml,1012195,NOKLTE:LNADJL,xL25R2_2503_121,MRBTS-1012195/LNBTS-1012195/LNADJ-229/LNADJL-254,create
2026.05.14,MRBTS1012195.xml,1012195,NOKLTE:LNADJL,xL25R2_2503_121,MRBTS-1012195/LNBTS-1012195/LNADJ-229/LNADJL-255,create
2026.05.14,MRBTS1012195.xml,1012195,NOKLTE:LNADJ,xL25R2_2503_121,MRBTS-1012195/LNBTS-1012195/LNADJ-230,create
2026.05.14,MRBTS1012195.xml,1012195,NOKLTE:LNADJL,xL25R2_2503_121,MRBTS-1012195/LNBTS-1012195/LNADJ-230/LNADJL-247,create
2026.05.14,MRBTS1012195.xml,1012195,NOKLTE:LNADJL,xL25R2_2503_121,MRBTS-1012195/LNBTS-1012195/LNADJ-230/LNADJL-248,create
2026.05.14,MRBTS1012195.xml,1012195,NOKLTE:LNADJL,xL25R2_2503_121,MRBTS-1012195/LNBTS-1012195/LNADJ-230/LNADJL-249,create
2026.05.14,MRBTS1012195.xml,1012195,NOKLTE:LNADJL,xL25R2_2503_121,MRBTS-1012195/LNBTS-1012195/LNADJ-230/LNADJL-250,create
2026.05.14,MRBTS1012195.xml,1012195,NOKLTE:LNADJL,xL25R2_2503_121,MRBTS-1012195/LNBTS-1012195/LNADJ-230/LNADJL-251,create
2026.05.14,MRBTS1012195.xml,1012195,NOKLTE:LNADJL,xL25R2_2503_121,MRBTS-1012195/LNBTS-1012195/LNADJ-230/LNADJL-252,create
2026.05.14,MRBTS1012195.xml,1012195,NOKLTE:LNADJL,xL25R2_2503_121,MRBTS-1012195/LNBTS-1012195/LNADJ-230/LNADJL-253,create
2026.05.14,MRBTS1012195.xml,1012195,NOKLTE:LNADJL,xL25R2_2503_121,MRBTS-1012195/LNBTS-1012195/LNADJ-230/LNADJL-254,create
2026.05.14,MRBTS1012195.xml,1012195,NOKLTE:LNADJL,xL25R2_2503_121,MRBTS-1012195/LNBTS-1012195/LNADJ-230/LNADJL-255,create
2026.05.14,MRBTS1012195.xml,1012195,NOKLTE:LNADJ,xL25R2_2503_121,MRBTS-1012195/LNBTS-1012195/LNADJ-231,create
2026.05.14,MRBTS1012195.xml,1012195,NOKLTE:LNADJL,xL25R2_2503_121,MRBTS-1012195/LNBTS-1012195/LNADJ-231/LNADJL-232,create
2026.05.14,MRBTS1012195.xml,1012195,NOKLTE:LNADJL,xL25R2_2503_121,MRBTS-1012195/LNBTS-1012195/LNADJ-231/LNADJL-233,create
2026.05.14,MRBTS1012195.xml,1012195,NOKLTE:LNADJL,xL25R2_2503_121,MRBTS-1012195/LNBTS-1012195/LNADJ-231/LNADJL-234,create
2026.05.14,MRBTS1012195.xml,1012195,NOKLTE:LNADJL,xL25R2_2503_121,MRBTS-1012195/LNBTS-1012195/LNADJ-231/LNADJL-235,create
2026.05.14,MRBTS1012195.xml,1012195,NOKLTE:LNADJL,xL25R2_2503_121,MRBTS-1012195/LNBTS-1012195/LNADJ-231/LNADJL-236,create
2026.05.14,MRBTS1012195.xml,1012195,NOKLTE:LNADJL,xL25R2_2503_121,MRBTS-1012195/LNBTS-1012195/LNADJ-231/LNADJL-237,create
2026.05.14,MRBTS1012195.xml,1012195,NOKLTE:LNADJL,xL25R2_2503_121,MRBTS-1012195/LNBTS-1012195/LNADJ-231/LNADJL-238,create
2026.05.14,MRBTS1012195.xml,1012195,NOKLTE:LNADJL,xL25R2_2503_121,MRBTS-1012195/LNBTS-1012195/LNADJ-231/LNADJL-239,create
2026.05.14,MRBTS1012195.xml,1012195,NOKLTE:LNADJL,xL25R2_2503_121,MRBTS-1012195/LNBTS-1012195/LNADJ-231/LNADJL-240,create
2026.05.14,MRBTS1012195.xml,1012195,NOKLTE:LNADJL,xL25R2_2503_121,MRBTS-1012195/LNBTS-1012195/LNADJ-231/LNADJL-241,create
2026.05.14,MRBTS1012195.xml,1012195,NOKLTE:LNADJL,xL25R2_2503_121,MRBTS-1012195/LNBTS-1012195/LNADJ-231/LNADJL-242,create
2026.05.14,MRBTS1012195.xml,1012195,NOKLTE:LNADJL,xL25R2_2503_121,MRBTS-1012195/LNBTS-1012195/LNADJ-231/LNADJL-243,create
2026.05.14,MRBTS1012195.xml,1012195,NOKLTE:LNADJL,xL25R2_2503_121,MRBTS-1012195/LNBTS-1012195/LNADJ-231/LNADJL-244,create
2026.05.14,MRBTS1012195.xml,1012195,NOKLTE:LNADJL,xL25R2_2503_121,MRBTS-1012195/LNBTS-1012195/LNADJ-231/LNADJL-245,create
2026.05.14,MRBTS1012195.xml,1012195,NOKLTE:LNADJL,xL25R2_2503_121,MRBTS-1012195/LNBTS-1012195/LNADJ-231/LNADJL-246,create
2026.05.14,MRBTS1012195.xml,1012195,NOKLTE:LNADJL,xL25R2_2503_121,MRBTS-1012195/LNBTS-1012195/LNADJ-231/LNADJL-247,create
2026.05.14,MRBTS1012195.xml,1012195,NOKLTE:LNADJL,xL25R2_2503_121,MRBTS-1012195/LNBTS-1012195/LNADJ-231/LNADJL-248,create
2026.05.14,MRBTS1012195.xml,1012195,NOKLTE:LNADJL,xL25R2_2503_121,MRBTS-1012195/LNBTS-1012195/LNADJ-231/LNADJL-249,create
2026.05.14,MRBTS1012195.xml,1012195,NOKLTE:LNADJL,xL25R2_2503_121,MRBTS-1012195/LNBTS-1012195/LNADJ-231/LNADJL-250,create
2026.05.14,MRBTS1012195.xml,1012195,NOKLTE:LNADJL,xL25R2_2503_121,MRBTS-1012195/LNBTS-1012195/LNADJ-231/LNADJL-251,create
2026.05.14,MRBTS1012195.xml,1012195,NOKLTE:LNADJL,xL25R2_2503_121,MRBTS-1012195/LNBTS-1012195/LNADJ-231/LNADJL-252,create
2026.05.14,MRBTS1012195.xml,1012195,NOKLTE:LNADJL,xL25R2_2503_121,MRBTS-1012195/LNBTS-1012195/LNADJ-231/LNADJL-253,create
2026.05.14,MRBTS1012195.xml,1012195,NOKLTE:LNADJL,xL25R2_2503_121,MRBTS-1012195/LNBTS-1012195/LNADJ-231/LNADJL-254,create
2026.05.14,MRBTS1012195.xml,1012195,NOKLTE:LNADJL,xL25R2_2503_121,MRBTS-1012195/LNBTS-1012195/LNADJ-231/LNADJL-255,create
2026.05.14,MRBTS1012195.xml,1012195,NOKLTE:LNADJ,xL25R2_2503_121,MRBTS-1012195/LNBTS-1012195/LNADJ-232,create
2026.05.14,MRBTS1012195.xml,1012195,NOKLTE:LNADJL,xL25R2_2503_121,MRBTS-1012195/LNBTS-1012195/LNADJ-232/LNADJL-238,create
2026.05.14,MRBTS1012195.xml,1012195,NOKLTE:LNADJL,xL25R2_2503_121,MRBTS-1012195/LNBTS-1012195/LNADJ-232/LNADJL-239,create
2026.05.14,MRBTS1012195.xml,1012195,NOKLTE:LNADJL,xL25R2_2503_121,MRBTS-1012195/LNBTS-1012195/LNADJ-232/LNADJL-240,create
2026.05.14,MRBTS1012195.xml,1012195,NOKLTE:LNADJL,xL25R2_2503_121,MRBTS-1012195/LNBTS-1012195/LNADJ-232/LNADJL-241,create
2026.05.14,MRBTS1012195.xml,1012195,NOKLTE:LNADJL,xL25R2_2503_121,MRBTS-1012195/LNBTS-1012195/LNADJ-232/LNADJL-242,create
2026.05.14,MRBTS1012195.xml,1012195,NOKLTE:LNADJL,xL25R2_2503_121,MRBTS-1012195/LNBTS-1012195/LNADJ-232/LNADJL-243,create
2026.05.14,MRBTS1012195.xml,1012195,NOKLTE:LNADJL,xL25R2_2503_121,MRBTS-1012195/LNBTS-1012195/LNADJ-232/LNADJL-244,create
2026.05.14,MRBTS1012195.xml,1012195,NOKLTE:LNADJL,xL25R2_2503_121,MRBTS-1012195/LNBTS-1012195/LNADJ-232/LNADJL-245,create
2026.05.14,MRBTS1012195.xml,1012195,NOKLTE:LNADJL,xL25R2_2503_121,MRBTS-1012195/LNBTS-1012195/LNADJ-232/LNADJL-246,create
2026.05.14,MRBTS1012195.xml,1012195,NOKLTE:LNADJL,xL25R2_2503_121,MRBTS-1012195/LNBTS-1012195/LNADJ-232/LNADJL-247,create
2026.05.14,MRBTS1012195.xml,1012195,NOKLTE:LNADJL,xL25R2_2503_121,MRBTS-1012195/LNBTS-1012195/LNADJ-232/LNADJL-248,create
2026.05.14,MRBTS1012195.xml,1012195,NOKLTE:LNADJL,xL25R2_2503_121,MRBTS-1012195/LNBTS-1012195/LNADJ-232/LNADJL-249,create
2026.05.14,MRBTS1012195.xml,1012195,NOKLTE:LNADJL,xL25R2_2503_121,MRBTS-1012195/LNBTS-1012195/LNADJ-232/LNADJL-250,create
2026.05.14,MRBTS1012195.xml,1012195,NOKLTE:LNADJL,xL25R2_2503_121,MRBTS-1012195/LNBTS-1012195/LNADJ-232/LNADJL-251,create
2026.05.14,MRBTS1012195.xml,1012195,NOKLTE:LNADJL,xL25R2_2503_121,MRBTS-1012195/LNBTS-1012195/LNADJ-232/LNADJL-252,create
2026.05.14,MRBTS1012195.xml,1012195,NOKLTE:LNADJL,xL25R2_2503_121,MRBTS-1012195/LNBTS-1012195/LNADJ-232/LNADJL-253,create
2026.05.14,MRBTS1012195.xml,1012195,NOKLTE:LNADJL,xL25R2_2503_121,MRBTS-1012195/LNBTS-1012195/LNADJ-232/LNADJL-254,create
2026.05.14,MRBTS1012195.xml,1012195,NOKLTE:LNADJL,xL25R2_2503_121,MRBTS-1012195/LNBTS-1012195/LNADJ-232/LNADJL-255,create
2026.05.14,MRBTS1012195.xml,1012195,NOKLTE:LNADJ,xL25R2_2503_121,MRBTS-1012195/LNBTS-1012195/LNADJ-233,create
2026.05.14,MRBTS1012195.xml,1012195,NOKLTE:LNADJL,xL25R2_2503_121,MRBTS-1012195/LNBTS-1012195/LNADJ-233/LNADJL-247,create
2026.05.14,MRBTS1012195.xml,1012195,NOKLTE:LNADJL,xL25R2_2503_121,MRBTS-1012195/LNBTS-1012195/LNADJ-233/LNADJL-248,create
2026.05.14,MRBTS1012195.xml,1012195,NOKLTE:LNADJL,xL25R2_2503_121,MRBTS-1012195/LNBTS-1012195/LNADJ-233/LNADJL-249,create
2026.05.14,MRBTS1012195.xml,1012195,NOKLTE:LNADJL,xL25R2_2503_121,MRBTS-1012195/LNBTS-1012195/LNADJ-233/LNADJL-250,create
2026.05.14,MRBTS1012195.xml,1012195,NOKLTE:LNADJL,xL25R2_2503_121,MRBTS-1012195/LNBTS-1012195/LNADJ-233/LNADJL-251,create
2026.05.14,MRBTS1012195.xml,1012195,NOKLTE:LNADJL,xL25R2_2503_121,MRBTS-1012195/LNBTS-1012195/LNADJ-233/LNADJL-252,create
2026.05.14,MRBTS1012195.xml,1012195,NOKLTE:LNADJL,xL25R2_2503_121,MRBTS-1012195/LNBTS-1012195/LNADJ-233/LNADJL-253,create
2026.05.14,MRBTS1012195.xml,1012195,NOKLTE:LNADJL,xL25R2_2503_121,MRBTS-1012195/LNBTS-1012195/LNADJ-233/LNADJL-254,create
2026.05.14,MRBTS1012195.xml,1012195,NOKLTE:LNADJL,xL25R2_2503_121,MRBTS-1012195/LNBTS-1012195/LNADJ-233/LNADJL-255,create
2026.05.14,MRBTS1012195.xml,1012195,NOKLTE:LNADJ,xL25R2_2503_121,MRBTS-1012195/LNBTS-1012195/LNADJ-234,create
2026.05.14,MRBTS1012195.xml,1012195,NOKLTE:LNADJL,xL25R2_2503_121,MRBTS-1012195/LNBTS-1012195/LNADJ-234/LNADJL-238,create
2026.05.14,MRBTS1012195.xml,1012195,NOKLTE:LNADJL,xL25R2_2503_121,MRBTS-1012195/LNBTS-1012195/LNADJ-234/LNADJL-239,create
2026.05.14,MRBTS1012195.xml,1012195,NOKLTE:LNADJL,xL25R2_2503_121,MRBTS-1012195/LNBTS-1012195/LNADJ-234/LNADJL-240,create
2026.05.14,MRBTS1012195.xml,1012195,NOKLTE:LNADJL,xL25R2_2503_121,MRBTS-1012195/LNBTS-1012195/LNADJ-234/LNADJL-241,create
2026.05.14,MRBTS1012195.xml,1012195,NOKLTE:LNADJL,xL25R2_2503_121,MRBTS-1012195/LNBTS-1012195/LNADJ-234/LNADJL-242,create
2026.05.14,MRBTS1012195.xml,1012195,NOKLTE:LNADJL,xL25R2_2503_121,MRBTS-1012195/LNBTS-1012195/LNADJ-234/LNADJL-243,create
2026.05.14,MRBTS1012195.xml,1012195,NOKLTE:LNADJL,xL25R2_2503_121,MRBTS-1012195/LNBTS-1012195/LNADJ-234/LNADJL-244,create
2026.05.14,MRBTS1012195.xml,1012195,NOKLTE:LNADJL,xL25R2_2503_121,MRBTS-1012195/LNBTS-1012195/LNADJ-234/LNADJL-245,create
2026.05.14,MRBTS1012195.xml,1012195,NOKLTE:LNADJL,xL25R2_2503_121,MRBTS-1012195/LNBTS-1012195/LNADJ-234/LNADJL-246,create
2026.05.14,MRBTS1012195.xml,1012195,NOKLTE:LNADJL,xL25R2_2503_121,MRBTS-1012195/LNBTS-1012195/LNADJ-234/LNADJL-247,create
2026.05.14,MRBTS1012195.xml,1012195,NOKLTE:LNADJL,xL25R2_2503_121,MRBTS-1012195/LNBTS-1012195/LNADJ-234/LNADJL-248,create
2026.05.14,MRBTS1012195.xml,1012195,NOKLTE:LNADJL,xL25R2_2503_121,MRBTS-1012195/LNBTS-1012195/LNADJ-234/LNADJL-249,create
2026.05.14,MRBTS1012195.xml,1012195,NOKLTE:LNADJL,xL25R2_2503_121,MRBTS-1012195/LNBTS-1012195/LNADJ-234/LNADJL-250,create
2026.05.14,MRBTS1012195.xml,1012195,NOKLTE:LNADJL,xL25R2_2503_121,MRBTS-1012195/LNBTS-1012195/LNADJ-234/LNADJL-251,create
2026.05.14,MRBTS1012195.xml,1012195,NOKLTE:LNADJL,xL25R2_2503_121,MRBTS-1012195/LNBTS-1012195/LNADJ-234/LNADJL-252,create
2026.05.14,MRBTS1012195.xml,1012195,NOKLTE:LNADJL,xL25R2_2503_121,MRBTS-1012195/LNBTS-1012195/LNADJ-234/LNADJL-253,create
2026.05.14,MRBTS1012195.xml,1012195,NOKLTE:LNADJL,xL25R2_2503_121,MRBTS-1012195/LNBTS-1012195/LNADJ-234/LNADJL-254,create
2026.05.14,MRBTS1012195.xml,1012195,NOKLTE:LNADJL,xL25R2_2503_121,MRBTS-1012195/LNBTS-1012195/LNADJ-234/LNADJL-255,create
2026.05.14,MRBTS1012195.xml,1012195,NOKLTE:LNADJ,xL25R2_2503_121,MRBTS-1012195/LNBTS-1012195/LNADJ-235,create
2026.05.14,MRBTS1012195.xml,1012195,NOKLTE:LNADJL,xL25R2_2503_121,MRBTS-1012195/LNBTS-1012195/LNADJ-235/LNADJL-241,create
2026.05.14,MRBTS1012195.xml,1012195,NOKLTE:LNADJL,xL25R2_2503_121,MRBTS-1012195/LNBTS-1012195/LNADJ-235/LNADJL-242,create
2026.05.14,MRBTS1012195.xml,1012195,NOKLTE:LNADJL,xL25R2_2503_121,MRBTS-1012195/LNBTS-1012195/LNADJ-235/LNADJL-243,create
2026.05.14,MRBTS1012195.xml,1012195,NOKLTE:LNADJL,xL25R2_2503_121,MRBTS-1012195/LNBTS-1012195/LNADJ-235/LNADJL-244,create
2026.05.14,MRBTS1012195.xml,1012195,NOKLTE:LNADJL,xL25R2_2503_121,MRBTS-1012195/LNBTS-1012195/LNADJ-235/LNADJL-245,create
2026.05.14,MRBTS1012195.xml,1012195,NOKLTE:LNADJL,xL25R2_2503_121,MRBTS-1012195/LNBTS-1012195/LNADJ-235/LNADJL-246,create
2026.05.14,MRBTS1012195.xml,1012195,NOKLTE:LNADJL,xL25R2_2503_121,MRBTS-1012195/LNBTS-1012195/LNADJ-235/LNADJL-247,create
2026.05.14,MRBTS1012195.xml,1012195,NOKLTE:LNADJL,xL25R2_2503_121,MRBTS-1012195/LNBTS-1012195/LNADJ-235/LNADJL-248,create
2026.05.14,MRBTS1012195.xml,1012195,NOKLTE:LNADJL,xL25R2_2503_121,MRBTS-1012195/LNBTS-1012195/LNADJ-235/LNADJL-249,create
2026.05.14,MRBTS1012195.xml,1012195,NOKLTE:LNADJL,xL25R2_2503_121,MRBTS-1012195/LNBTS-1012195/LNADJ-235/LNADJL-250,create
2026.05.14,MRBTS1012195.xml,1012195,NOKLTE:LNADJL,xL25R2_2503_121,MRBTS-1012195/LNBTS-1012195/LNADJ-235/LNADJL-251,create
2026.05.14,MRBTS1012195.xml,1012195,NOKLTE:LNADJL,xL25R2_2503_121,MRBTS-1012195/LNBTS-1012195/LNADJ-235/LNADJL-252,create
2026.05.14,MRBTS1012195.xml,1012195,NOKLTE:LNADJL,xL25R2_2503_121,MRBTS-1012195/LNBTS-1012195/LNADJ-235/LNADJL-253,create
2026.05.14,MRBTS1012195.xml,1012195,NOKLTE:LNADJL,xL25R2_2503_121,MRBTS-1012195/LNBTS-1012195/LNADJ-235/LNADJL-254,create
2026.05.14,MRBTS1012195.xml,1012195,NOKLTE:LNADJL,xL25R2_2503_121,MRBTS-1012195/LNBTS-1012195/LNADJ-235/LNADJL-255,create
2026.05.14,MRBTS1012195.xml,1012195,NOKLTE:LNADJ,xL25R2_2503_121,MRBTS-1012195/LNBTS-1012195/LNADJ-236,create
2026.05.14,MRBTS1012195.xml,1012195,NOKLTE:LNADJL,xL25R2_2503_121,MRBTS-1012195/LNBTS-1012195/LNADJ-236/LNADJL-243,create
2026.05.14,MRBTS1012195.xml,1012195,NOKLTE:LNADJL,xL25R2_2503_121,MRBTS-1012195/LNBTS-1012195/LNADJ-236/LNADJL-244,create
2026.05.14,MRBTS1012195.xml,1012195,NOKLTE:LNADJL,xL25R2_2503_121,MRBTS-1012195/LNBTS-1012195/LNADJ-236/LNADJL-245,create
2026.05.14,MRBTS1012195.xml,1012195,NOKLTE:LNADJL,xL25R2_2503_121,MRBTS-1012195/LNBTS-1012195/LNADJ-236/LNADJL-246,create
2026.05.14,MRBTS1012195.xml,1012195,NOKLTE:LNADJL,xL25R2_2503_121,MRBTS-1012195/LNBTS-1012195/LNADJ-236/LNADJL-247,create
2026.05.14,MRBTS1012195.xml,1012195,NOKLTE:LNADJL,xL25R2_2503_121,MRBTS-1012195/LNBTS-1012195/LNADJ-236/LNADJL-248,create
2026.05.14,MRBTS1012195.xml,1012195,NOKLTE:LNADJL,xL25R2_2503_121,MRBTS-1012195/LNBTS-1012195/LNADJ-236/LNADJL-249,create
2026.05.14,MRBTS1012195.xml,1012195,NOKLTE:LNADJL,xL25R2_2503_121,MRBTS-1012195/LNBTS-1012195/LNADJ-236/LNADJL-250,create
2026.05.14,MRBTS1012195.xml,1012195,NOKLTE:LNADJL,xL25R2_2503_121,MRBTS-1012195/LNBTS-1012195/LNADJ-236/LNADJL-251,create
2026.05.14,MRBTS1012195.xml,1012195,NOKLTE:LNADJL,xL25R2_2503_121,MRBTS-1012195/LNBTS-1012195/LNADJ-236/LNADJL-252,create
2026.05.14,MRBTS1012195.xml,1012195,NOKLTE:LNADJL,xL25R2_2503_121,MRBTS-1012195/LNBTS-1012195/LNADJ-236/LNADJL-253,create
2026.05.14,MRBTS1012195.xml,1012195,NOKLTE:LNADJL,xL25R2_2503_121,MRBTS-1012195/LNBTS-1012195/LNADJ-236/LNADJL-254,create
2026.05.14,MRBTS1012195.xml,1012195,NOKLTE:LNADJL,xL25R2_2503_121,MRBTS-1012195/LNBTS-1012195/LNADJ-236/LNADJL-255,create
2026.05.14,MRBTS1012195.xml,1012195,NOKLTE:LNADJ,xL25R2_2503_121,MRBTS-1012195/LNBTS-1012195/LNADJ-237,create
2026.05.14,MRBTS1012195.xml,1012195,NOKLTE:LNADJL,xL25R2_2503_121,MRBTS-1012195/LNBTS-1012195/LNADJ-237/LNADJL-247,create
2026.05.14,MRBTS1012195.xml,1012195,NOKLTE:LNADJL,xL25R2_2503_121,MRBTS-1012195/LNBTS-1012195/LNADJ-237/LNADJL-248,create
2026.05.14,MRBTS1012195.xml,1012195,NOKLTE:LNADJL,xL25R2_2503_121,MRBTS-1012195/LNBTS-1012195/LNADJ-237/LNADJL-249,create
2026.05.14,MRBTS1012195.xml,1012195,NOKLTE:LNADJL,xL25R2_2503_121,MRBTS-1012195/LNBTS-1012195/LNADJ-237/LNADJL-250,create
2026.05.14,MRBTS1012195.xml,1012195,NOKLTE:LNADJL,xL25R2_2503_121,MRBTS-1012195/LNBTS-1012195/LNADJ-237/LNADJL-251,create
2026.05.14,MRBTS1012195.xml,1012195,NOKLTE:LNADJL,xL25R2_2503_121,MRBTS-1012195/LNBTS-1012195/LNADJ-237/LNADJL-252,create
2026.05.14,MRBTS1012195.xml,1012195,NOKLTE:LNADJL,xL25R2_2503_121,MRBTS-1012195/LNBTS-1012195/LNADJ-237/LNADJL-253,create
2026.05.14,MRBTS1012195.xml,1012195,NOKLTE:LNADJL,xL25R2_2503_121,MRBTS-1012195/LNBTS-1012195/LNADJ-237/LNADJL-254,create
2026.05.14,MRBTS1012195.xml,1012195,NOKLTE:LNADJL,xL25R2_2503_121,MRBTS-1012195/LNBTS-1012195/LNADJ-237/LNADJL-255,create
2026.05.14,MRBTS1012195.xml,1012195,NOKLTE:LNADJ,xL25R2_2503_121,MRBTS-1012195/LNBTS-1012195/LNADJ-238,create
2026.05.14,MRBTS1012195.xml,1012195,NOKLTE:LNADJL,xL25R2_2503_121,MRBTS-1012195/LNBTS-1012195/LNADJ-238/LNADJL-247,create
2026.05.14,MRBTS1012195.xml,1012195,NOKLTE:LNADJL,xL25R2_2503_121,MRBTS-1012195/LNBTS-1012195/LNADJ-238/LNADJL-248,create
2026.05.14,MRBTS1012195.xml,1012195,NOKLTE:LNADJL,xL25R2_2503_121,MRBTS-1012195/LNBTS-1012195/LNADJ-238/LNADJL-249,create
2026.05.14,MRBTS1012195.xml,1012195,NOKLTE:LNADJL,xL25R2_2503_121,MRBTS-1012195/LNBTS-1012195/LNADJ-238/LNADJL-250,create
2026.05.14,MRBTS1012195.xml,1012195,NOKLTE:LNADJL,xL25R2_2503_121,MRBTS-1012195/LNBTS-1012195/LNADJ-238/LNADJL-251,create
2026.05.14,MRBTS1012195.xml,1012195,NOKLTE:LNADJL,xL25R2_2503_121,MRBTS-1012195/LNBTS-1012195/LNADJ-238/LNADJL-252,create
2026.05.14,MRBTS1012195.xml,1012195,NOKLTE:LNADJL,xL25R2_2503_121,MRBTS-1012195/LNBTS-1012195/LNADJ-238/LNADJL-253,create
2026.05.14,MRBTS1012195.xml,1012195,NOKLTE:LNADJL,xL25R2_2503_121,MRBTS-1012195/LNBTS-1012195/LNADJ-238/LNADJL-254,create
2026.05.14,MRBTS1012195.xml,1012195,NOKLTE:LNADJL,xL25R2_2503_121,MRBTS-1012195/LNBTS-1012195/LNADJ-238/LNADJL-255,create
2026.05.14,MRBTS1012195.xml,1012195,NOKLTE:LNADJ,xL25R2_2503_121,MRBTS-1012195/LNBTS-1012195/LNADJ-239,create
2026.05.14,MRBTS1012195.xml,1012195,NOKLTE:LNADJL,xL25R2_2503_121,MRBTS-1012195/LNBTS-1012195/LNADJ-239/LNADJL-250,create
2026.05.14,MRBTS1012195.xml,1012195,NOKLTE:LNADJL,xL25R2_2503_121,MRBTS-1012195/LNBTS-1012195/LNADJ-239/LNADJL-251,create
2026.05.14,MRBTS1012195.xml,1012195,NOKLTE:LNADJL,xL25R2_2503_121,MRBTS-1012195/LNBTS-1012195/LNADJ-239/LNADJL-252,create
2026.05.14,MRBTS1012195.xml,1012195,NOKLTE:LNADJL,xL25R2_2503_121,MRBTS-1012195/LNBTS-1012195/LNADJ-239/LNADJL-253,create
2026.05.14,MRBTS1012195.xml,1012195,NOKLTE:LNADJL,xL25R2_2503_121,MRBTS-1012195/LNBTS-1012195/LNADJ-239/LNADJL-254,create
2026.05.14,MRBTS1012195.xml,1012195,NOKLTE:LNADJL,xL25R2_2503_121,MRBTS-1012195/LNBTS-1012195/LNADJ-239/LNADJL-255,create
2026.05.14,MRBTS1012195.xml,1012195,NOKLTE:LNADJ,xL25R2_2503_121,MRBTS-1012195/LNBTS-1012195/LNADJ-240,create
2026.05.14,MRBTS1012195.xml,1012195,NOKLTE:LNADJL,xL25R2_2503_121,MRBTS-1012195/LNBTS-1012195/LNADJ-240/LNADJL-241,create
2026.05.14,MRBTS1012195.xml,1012195,NOKLTE:LNADJL,xL25R2_2503_121,MRBTS-1012195/LNBTS-1012195/LNADJ-240/LNADJL-242,create
2026.05.14,MRBTS1012195.xml,1012195,NOKLTE:LNADJL,xL25R2_2503_121,MRBTS-1012195/LNBTS-1012195/LNADJ-240/LNADJL-243,create
2026.05.14,MRBTS1012195.xml,1012195,NOKLTE:LNADJL,xL25R2_2503_121,MRBTS-1012195/LNBTS-1012195/LNADJ-240/LNADJL-244,create
2026.05.14,MRBTS1012195.xml,1012195,NOKLTE:LNADJL,xL25R2_2503_121,MRBTS-1012195/LNBTS-1012195/LNADJ-240/LNADJL-245,create
2026.05.14,MRBTS1012195.xml,1012195,NOKLTE:LNADJL,xL25R2_2503_121,MRBTS-1012195/LNBTS-1012195/LNADJ-240/LNADJL-246,create
2026.05.14,MRBTS1012195.xml,1012195,NOKLTE:LNADJL,xL25R2_2503_121,MRBTS-1012195/LNBTS-1012195/LNADJ-240/LNADJL-247,create
2026.05.14,MRBTS1012195.xml,1012195,NOKLTE:LNADJL,xL25R2_2503_121,MRBTS-1012195/LNBTS-1012195/LNADJ-240/LNADJL-248,create
2026.05.14,MRBTS1012195.xml,1012195,NOKLTE:LNADJL,xL25R2_2503_121,MRBTS-1012195/LNBTS-1012195/LNADJ-240/LNADJL-249,create
2026.05.14,MRBTS1012195.xml,1012195,NOKLTE:LNADJL,xL25R2_2503_121,MRBTS-1012195/LNBTS-1012195/LNADJ-240/LNADJL-250,create
2026.05.14,MRBTS1012195.xml,1012195,NOKLTE:LNADJL,xL25R2_2503_121,MRBTS-1012195/LNBTS-1012195/LNADJ-240/LNADJL-251,create
2026.05.14,MRBTS1012195.xml,1012195,NOKLTE:LNADJL,xL25R2_2503_121,MRBTS-1012195/LNBTS-1012195/LNADJ-240/LNADJL-252,create
2026.05.14,MRBTS1012195.xml,1012195,NOKLTE:LNADJL,xL25R2_2503_121,MRBTS-1012195/LNBTS-1012195/LNADJ-240/LNADJL-253,create
2026.05.14,MRBTS1012195.xml,1012195,NOKLTE:LNADJL,xL25R2_2503_121,MRBTS-1012195/LNBTS-1012195/LNADJ-240/LNADJL-254,create
2026.05.14,MRBTS1012195.xml,1012195,NOKLTE:LNADJL,xL25R2_2503_121,MRBTS-1012195/LNBTS-1012195/LNADJ-240/LNADJL-255,create
2026.05.14,MRBTS1012195.xml,1012195,NOKLTE:LNADJ,xL25R2_2503_121,MRBTS-1012195/LNBTS-1012195/LNADJ-241,create
2026.05.14,MRBTS1012195.xml,1012195,NOKLTE:LNADJL,xL25R2_2503_121,MRBTS-1012195/LNBTS-1012195/LNADJ-241/LNADJL-242,create
2026.05.14,MRBTS1012195.xml,1012195,NOKLTE:LNADJL,xL25R2_2503_121,MRBTS-1012195/LNBTS-1012195/LNADJ-241/LNADJL-243,create
2026.05.14,MRBTS1012195.xml,1012195,NOKLTE:LNADJL,xL25R2_2503_121,MRBTS-1012195/LNBTS-1012195/LNADJ-241/LNADJL-244,create
2026.05.14,MRBTS1012195.xml,1012195,NOKLTE:LNADJL,xL25R2_2503_121,MRBTS-1012195/LNBTS-1012195/LNADJ-241/LNADJL-245,create
2026.05.14,MRBTS1012195.xml,1012195,NOKLTE:LNADJL,xL25R2_2503_121,MRBTS-1012195/LNBTS-1012195/LNADJ-241/LNADJL-246,create
2026.05.14,MRBTS1012195.xml,1012195,NOKLTE:LNADJL,xL25R2_2503_121,MRBTS-1012195/LNBTS-1012195/LNADJ-241/LNADJL-247,create
2026.05.14,MRBTS1012195.xml,1012195,NOKLTE:LNADJL,xL25R2_2503_121,MRBTS-1012195/LNBTS-1012195/LNADJ-241/LNADJL-248,create
2026.05.14,MRBTS1012195.xml,1012195,NOKLTE:LNADJL,xL25R2_2503_121,MRBTS-1012195/LNBTS-1012195/LNADJ-241/LNADJL-249,create
2026.05.14,MRBTS1012195.xml,1012195,NOKLTE:LNADJL,xL25R2_2503_121,MRBTS-1012195/LNBTS-1012195/LNADJ-241/LNADJL-250,create
2026.05.14,MRBTS1012195.xml,1012195,NOKLTE:LNADJL,xL25R2_2503_121,MRBTS-1012195/LNBTS-1012195/LNADJ-241/LNADJL-251,create
2026.05.14,MRBTS1012195.xml,1012195,NOKLTE:LNADJL,xL25R2_2503_121,MRBTS-1012195/LNBTS-1012195/LNADJ-241/LNADJL-252,create
2026.05.14,MRBTS1012195.xml,1012195,NOKLTE:LNADJL,xL25R2_2503_121,MRBTS-1012195/LNBTS-1012195/LNADJ-241/LNADJL-253,create
2026.05.14,MRBTS1012195.xml,1012195,NOKLTE:LNADJL,xL25R2_2503_121,MRBTS-1012195/LNBTS-1012195/LNADJ-241/LNADJL-254,create
2026.05.14,MRBTS1012195.xml,1012195,NOKLTE:LNADJL,xL25R2_2503_121,MRBTS-1012195/LNBTS-1012195/LNADJ-241/LNADJL-255,create
2026.05.14,MRBTS1012195.xml,1012195,NOKLTE:LNADJ,xL25R2_2503_121,MRBTS-1012195/LNBTS-1012195/LNADJ-242,create
2026.05.14,MRBTS1012195.xml,1012195,NOKLTE:LNADJL,xL25R2_2503_121,MRBTS-1012195/LNBTS-1012195/LNADJ-242/LNADJL-240,create
2026.05.14,MRBTS1012195.xml,1012195,NOKLTE:LNADJL,xL25R2_2503_121,MRBTS-1012195/LNBTS-1012195/LNADJ-242/LNADJL-241,create
2026.05.14,MRBTS1012195.xml,1012195,NOKLTE:LNADJL,xL25R2_2503_121,MRBTS-1012195/LNBTS-1012195/LNADJ-242/LNADJL-242,create
2026.05.14,MRBTS1012195.xml,1012195,NOKLTE:LNADJL,xL25R2_2503_121,MRBTS-1012195/LNBTS-1012195/LNADJ-242/LNADJL-243,create
2026.05.14,MRBTS1012195.xml,1012195,NOKLTE:LNADJL,xL25R2_2503_121,MRBTS-1012195/LNBTS-1012195/LNADJ-242/LNADJL-244,create
2026.05.14,MRBTS1012195.xml,1012195,NOKLTE:LNADJL,xL25R2_2503_121,MRBTS-1012195/LNBTS-1012195/LNADJ-242/LNADJL-245,create
2026.05.14,MRBTS1012195.xml,1012195,NOKLTE:LNADJL,xL25R2_2503_121,MRBTS-1012195/LNBTS-1012195/LNADJ-242/LNADJL-246,create
2026.05.14,MRBTS1012195.xml,1012195,NOKLTE:LNADJL,xL25R2_2503_121,MRBTS-1012195/LNBTS-1012195/LNADJ-242/LNADJL-247,create
2026.05.14,MRBTS1012195.xml,1012195,NOKLTE:LNADJL,xL25R2_2503_121,MRBTS-1012195/LNBTS-1012195/LNADJ-242/LNADJL-248,create
2026.05.14,MRBTS1012195.xml,1012195,NOKLTE:LNADJL,xL25R2_2503_121,MRBTS-1012195/LNBTS-1012195/LNADJ-242/LNADJL-249,create
2026.05.14,MRBTS1012195.xml,1012195,NOKLTE:LNADJL,xL25R2_2503_121,MRBTS-1012195/LNBTS-1012195/LNADJ-242/LNADJL-250,create
2026.05.14,MRBTS1012195.xml,1012195,NOKLTE:LNADJL,xL25R2_2503_121,MRBTS-1012195/LNBTS-1012195/LNADJ-242/LNADJL-251,create
2026.05.14,MRBTS1012195.xml,1012195,NOKLTE:LNADJL,xL25R2_2503_121,MRBTS-1012195/LNBTS-1012195/LNADJ-242/LNADJL-252,create
2026.05.14,MRBTS1012195.xml,1012195,NOKLTE:LNADJL,xL25R2_2503_121,MRBTS-1012195/LNBTS-1012195/LNADJ-242/LNADJL-253,create
2026.05.14,MRBTS1012195.xml,1012195,NOKLTE:LNADJL,xL25R2_2503_121,MRBTS-1012195/LNBTS-1012195/LNADJ-242/LNADJL-254,create
2026.05.14,MRBTS1012195.xml,1012195,NOKLTE:LNADJL,xL25R2_2503_121,MRBTS-1012195/LNBTS-1012195/LNADJ-242/LNADJL-255,create
2026.05.14,MRBTS1012195.xml,1012195,NOKLTE:LNADJ,xL25R2_2503_121,MRBTS-1012195/LNBTS-1012195/LNADJ-243,create
2026.05.14,MRBTS1012195.xml,1012195,NOKLTE:LNADJL,xL25R2_2503_121,MRBTS-1012195/LNBTS-1012195/LNADJ-243/LNADJL-241,create
2026.05.14,MRBTS1012195.xml,1012195,NOKLTE:LNADJL,xL25R2_2503_121,MRBTS-1012195/LNBTS-1012195/LNADJ-243/LNADJL-242,create
2026.05.14,MRBTS1012195.xml,1012195,NOKLTE:LNADJL,xL25R2_2503_121,MRBTS-1012195/LNBTS-1012195/LNADJ-243/LNADJL-243,create
2026.05.14,MRBTS1012195.xml,1012195,NOKLTE:LNADJL,xL25R2_2503_121,MRBTS-1012195/LNBTS-1012195/LNADJ-243/LNADJL-244,create
2026.05.14,MRBTS1012195.xml,1012195,NOKLTE:LNADJL,xL25R2_2503_121,MRBTS-1012195/LNBTS-1012195/LNADJ-243/LNADJL-245,create
2026.05.14,MRBTS1012195.xml,1012195,NOKLTE:LNADJL,xL25R2_2503_121,MRBTS-1012195/LNBTS-1012195/LNADJ-243/LNADJL-246,create
2026.05.14,MRBTS1012195.xml,1012195,NOKLTE:LNADJL,xL25R2_2503_121,MRBTS-1012195/LNBTS-1012195/LNADJ-243/LNADJL-247,create
2026.05.14,MRBTS1012195.xml,1012195,NOKLTE:LNADJL,xL25R2_2503_121,MRBTS-1012195/LNBTS-1012195/LNADJ-243/LNADJL-248,create
2026.05.14,MRBTS1012195.xml,1012195,NOKLTE:LNADJL,xL25R2_2503_121,MRBTS-1012195/LNBTS-1012195/LNADJ-243/LNADJL-249,create
2026.05.14,MRBTS1012195.xml,1012195,NOKLTE:LNADJL,xL25R2_2503_121,MRBTS-1012195/LNBTS-1012195/LNADJ-243/LNADJL-250,create
2026.05.14,MRBTS1012195.xml,1012195,NOKLTE:LNADJL,xL25R2_2503_121,MRBTS-1012195/LNBTS-1012195/LNADJ-243/LNADJL-251,create
2026.05.14,MRBTS1012195.xml,1012195,NOKLTE:LNADJL,xL25R2_2503_121,MRBTS-1012195/LNBTS-1012195/LNADJ-243/LNADJL-252,create
2026.05.14,MRBTS1012195.xml,1012195,NOKLTE:LNADJL,xL25R2_2503_121,MRBTS-1012195/LNBTS-1012195/LNADJ-243/LNADJL-253,create
2026.05.14,MRBTS1012195.xml,1012195,NOKLTE:LNADJL,xL25R2_2503_121,MRBTS-1012195/LNBTS-1012195/LNADJ-243/LNADJL-254,create
2026.05.14,MRBTS1012195.xml,1012195,NOKLTE:LNADJL,xL25R2_2503_121,MRBTS-1012195/LNBTS-1012195/LNADJ-243/LNADJL-255,create
2026.05.14,MRBTS1012195.xml,1012195,NOKLTE:LNADJ,xL25R2_2503_121,MRBTS-1012195/LNBTS-1012195/LNADJ-244,create
2026.05.14,MRBTS1012195.xml,1012195,NOKLTE:LNADJL,xL25R2_2503_121,MRBTS-1012195/LNBTS-1012195/LNADJ-244/LNADJL-247,create
2026.05.14,MRBTS1012195.xml,1012195,NOKLTE:LNADJL,xL25R2_2503_121,MRBTS-1012195/LNBTS-1012195/LNADJ-244/LNADJL-248,create
2026.05.14,MRBTS1012195.xml,1012195,NOKLTE:LNADJL,xL25R2_2503_121,MRBTS-1012195/LNBTS-1012195/LNADJ-244/LNADJL-249,create
2026.05.14,MRBTS1012195.xml,1012195,NOKLTE:LNADJL,xL25R2_2503_121,MRBTS-1012195/LNBTS-1012195/LNADJ-244/LNADJL-250,create
2026.05.14,MRBTS1012195.xml,1012195,NOKLTE:LNADJL,xL25R2_2503_121,MRBTS-1012195/LNBTS-1012195/LNADJ-244/LNADJL-251,create
2026.05.14,MRBTS1012195.xml,1012195,NOKLTE:LNADJL,xL25R2_2503_121,MRBTS-1012195/LNBTS-1012195/LNADJ-244/LNADJL-252,create
2026.05.14,MRBTS1012195.xml,1012195,NOKLTE:LNADJL,xL25R2_2503_121,MRBTS-1012195/LNBTS-1012195/LNADJ-244/LNADJL-253,create
2026.05.14,MRBTS1012195.xml,1012195,NOKLTE:LNADJL,xL25R2_2503_121,MRBTS-1012195/LNBTS-1012195/LNADJ-244/LNADJL-254,create
2026.05.14,MRBTS1012195.xml,1012195,NOKLTE:LNADJL,xL25R2_2503_121,MRBTS-1012195/LNBTS-1012195/LNADJ-244/LNADJL-255,create
2026.05.14,MRBTS1012195.xml,1012195,NOKLTE:LNADJ,xL25R2_2503_121,MRBTS-1012195/LNBTS-1012195/LNADJ-245,create
2026.05.14,MRBTS1012195.xml,1012195,NOKLTE:LNADJL,xL25R2_2503_121,MRBTS-1012195/LNBTS-1012195/LNADJ-245/LNADJL-247,create
2026.05.14,MRBTS1012195.xml,1012195,NOKLTE:LNADJL,xL25R2_2503_121,MRBTS-1012195/LNBTS-1012195/LNADJ-245/LNADJL-248,create
2026.05.14,MRBTS1012195.xml,1012195,NOKLTE:LNADJL,xL25R2_2503_121,MRBTS-1012195/LNBTS-1012195/LNADJ-245/LNADJL-249,create
2026.05.14,MRBTS1012195.xml,1012195,NOKLTE:LNADJL,xL25R2_2503_121,MRBTS-1012195/LNBTS-1012195/LNADJ-245/LNADJL-250,create
2026.05.14,MRBTS1012195.xml,1012195,NOKLTE:LNADJL,xL25R2_2503_121,MRBTS-1012195/LNBTS-1012195/LNADJ-245/LNADJL-251,create
2026.05.14,MRBTS1012195.xml,1012195,NOKLTE:LNADJL,xL25R2_2503_121,MRBTS-1012195/LNBTS-1012195/LNADJ-245/LNADJL-252,create
2026.05.14,MRBTS1012195.xml,1012195,NOKLTE:LNADJL,xL25R2_2503_121,MRBTS-1012195/LNBTS-1012195/LNADJ-245/LNADJL-253,create
2026.05.14,MRBTS1012195.xml,1012195,NOKLTE:LNADJL,xL25R2_2503_121,MRBTS-1012195/LNBTS-1012195/LNADJ-245/LNADJL-254,create
2026.05.14,MRBTS1012195.xml,1012195,NOKLTE:LNADJL,xL25R2_2503_121,MRBTS-1012195/LNBTS-1012195/LNADJ-245/LNADJL-255,create
2026.05.14,MRBTS1012195.xml,1012195,NOKLTE:LNADJ,xL25R2_2503_121,MRBTS-1012195/LNBTS-1012195/LNADJ-246,create
2026.05.14,MRBTS1012195.xml,1012195,NOKLTE:LNADJL,xL25R2_2503_121,MRBTS-1012195/LNBTS-1012195/LNADJ-246/LNADJL-247,create
2026.05.14,MRBTS1012195.xml,1012195,NOKLTE:LNADJL,xL25R2_2503_121,MRBTS-1012195/LNBTS-1012195/LNADJ-246/LNADJL-248,create
2026.05.14,MRBTS1012195.xml,1012195,NOKLTE:LNADJL,xL25R2_2503_121,MRBTS-1012195/LNBTS-1012195/LNADJ-246/LNADJL-249,create
2026.05.14,MRBTS1012195.xml,1012195,NOKLTE:LNADJL,xL25R2_2503_121,MRBTS-1012195/LNBTS-1012195/LNADJ-246/LNADJL-250,create
2026.05.14,MRBTS1012195.xml,1012195,NOKLTE:LNADJL,xL25R2_2503_121,MRBTS-1012195/LNBTS-1012195/LNADJ-246/LNADJL-251,create
2026.05.14,MRBTS1012195.xml,1012195,NOKLTE:LNADJL,xL25R2_2503_121,MRBTS-1012195/LNBTS-1012195/LNADJ-246/LNADJL-252,create
2026.05.14,MRBTS1012195.xml,1012195,NOKLTE:LNADJL,xL25R2_2503_121,MRBTS-1012195/LNBTS-1012195/LNADJ-246/LNADJL-253,create
2026.05.14,MRBTS1012195.xml,1012195,NOKLTE:LNADJL,xL25R2_2503_121,MRBTS-1012195/LNBTS-1012195/LNADJ-246/LNADJL-254,create
2026.05.14,MRBTS1012195.xml,1012195,NOKLTE:LNADJL,xL25R2_2503_121,MRBTS-1012195/LNBTS-1012195/LNADJ-246/LNADJL-255,create
2026.05.14,MRBTS1012195.xml,1012195,NOKLTE:LNADJ,xL25R2_2503_121,MRBTS-1012195/LNBTS-1012195/LNADJ-247,create
2026.05.14,MRBTS1012195.xml,1012195,NOKLTE:LNADJL,xL25R2_2503_121,MRBTS-1012195/LNBTS-1012195/LNADJ-247/LNADJL-250,create
2026.05.14,MRBTS1012195.xml,1012195,NOKLTE:LNADJL,xL25R2_2503_121,MRBTS-1012195/LNBTS-1012195/LNADJ-247/LNADJL-251,create
2026.05.14,MRBTS1012195.xml,1012195,NOKLTE:LNADJL,xL25R2_2503_121,MRBTS-1012195/LNBTS-1012195/LNADJ-247/LNADJL-252,create
2026.05.14,MRBTS1012195.xml,1012195,NOKLTE:LNADJL,xL25R2_2503_121,MRBTS-1012195/LNBTS-1012195/LNADJ-247/LNADJL-253,create
2026.05.14,MRBTS1012195.xml,1012195,NOKLTE:LNADJL,xL25R2_2503_121,MRBTS-1012195/LNBTS-1012195/LNADJ-247/LNADJL-254,create
2026.05.14,MRBTS1012195.xml,1012195,NOKLTE:LNADJL,xL25R2_2503_121,MRBTS-1012195/LNBTS-1012195/LNADJ-247/LNADJL-255,create
2026.05.14,MRBTS1012195.xml,1012195,NOKLTE:LNADJ,xL25R2_2503_121,MRBTS-1012195/LNBTS-1012195/LNADJ-248,create
2026.05.14,MRBTS1012195.xml,1012195,NOKLTE:LNADJL,xL25R2_2503_121,MRBTS-1012195/LNBTS-1012195/LNADJ-248/LNADJL-250,create
2026.05.14,MRBTS1012195.xml,1012195,NOKLTE:LNADJL,xL25R2_2503_121,MRBTS-1012195/LNBTS-1012195/LNADJ-248/LNADJL-251,create
2026.05.14,MRBTS1012195.xml,1012195,NOKLTE:LNADJL,xL25R2_2503_121,MRBTS-1012195/LNBTS-1012195/LNADJ-248/LNADJL-252,create
2026.05.14,MRBTS1012195.xml,1012195,NOKLTE:LNADJL,xL25R2_2503_121,MRBTS-1012195/LNBTS-1012195/LNADJ-248/LNADJL-253,create
2026.05.14,MRBTS1012195.xml,1012195,NOKLTE:LNADJL,xL25R2_2503_121,MRBTS-1012195/LNBTS-1012195/LNADJ-248/LNADJL-254,create
2026.05.14,MRBTS1012195.xml,1012195,NOKLTE:LNADJL,xL25R2_2503_121,MRBTS-1012195/LNBTS-1012195/LNADJ-248/LNADJL-255,create
2026.05.14,MRBTS1012195.xml,1012195,NOKLTE:LNADJ,xL25R2_2503_121,MRBTS-1012195/LNBTS-1012195/LNADJ-249,create
2026.05.14,MRBTS1012195.xml,1012195,NOKLTE:LNADJL,xL25R2_2503_121,MRBTS-1012195/LNBTS-1012195/LNADJ-249/LNADJL-247,create
2026.05.14,MRBTS1012195.xml,1012195,NOKLTE:LNADJL,xL25R2_2503_121,MRBTS-1012195/LNBTS-1012195/LNADJ-249/LNADJL-248,create
2026.05.14,MRBTS1012195.xml,1012195,NOKLTE:LNADJL,xL25R2_2503_121,MRBTS-1012195/LNBTS-1012195/LNADJ-249/LNADJL-249,create
2026.05.14,MRBTS1012195.xml,1012195,NOKLTE:LNADJL,xL25R2_2503_121,MRBTS-1012195/LNBTS-1012195/LNADJ-249/LNADJL-250,create
2026.05.14,MRBTS1012195.xml,1012195,NOKLTE:LNADJL,xL25R2_2503_121,MRBTS-1012195/LNBTS-1012195/LNADJ-249/LNADJL-251,create
2026.05.14,MRBTS1012195.xml,1012195,NOKLTE:LNADJL,xL25R2_2503_121,MRBTS-1012195/LNBTS-1012195/LNADJ-249/LNADJL-252,create
2026.05.14,MRBTS1012195.xml,1012195,NOKLTE:LNADJL,xL25R2_2503_121,MRBTS-1012195/LNBTS-1012195/LNADJ-249/LNADJL-253,create
2026.05.14,MRBTS1012195.xml,1012195,NOKLTE:LNADJL,xL25R2_2503_121,MRBTS-1012195/LNBTS-1012195/LNADJ-249/LNADJL-254,create
2026.05.14,MRBTS1012195.xml,1012195,NOKLTE:LNADJL,xL25R2_2503_121,MRBTS-1012195/LNBTS-1012195/LNADJ-249/LNADJL-255,create
2026.05.14,MRBTS1012195.xml,1012195,NOKLTE:LNADJ,xL25R2_2503_121,MRBTS-1012195/LNBTS-1012195/LNADJ-250,create
2026.05.14,MRBTS1012195.xml,1012195,NOKLTE:LNADJL,xL25R2_2503_121,MRBTS-1012195/LNBTS-1012195/LNADJ-250/LNADJL-250,create
2026.05.14,MRBTS1012195.xml,1012195,NOKLTE:LNADJL,xL25R2_2503_121,MRBTS-1012195/LNBTS-1012195/LNADJ-250/LNADJL-251,create
2026.05.14,MRBTS1012195.xml,1012195,NOKLTE:LNADJL,xL25R2_2503_121,MRBTS-1012195/LNBTS-1012195/LNADJ-250/LNADJL-252,create
2026.05.14,MRBTS1012195.xml,1012195,NOKLTE:LNADJL,xL25R2_2503_121,MRBTS-1012195/LNBTS-1012195/LNADJ-250/LNADJL-253,create
2026.05.14,MRBTS1012195.xml,1012195,NOKLTE:LNADJL,xL25R2_2503_121,MRBTS-1012195/LNBTS-1012195/LNADJ-250/LNADJL-254,create
2026.05.14,MRBTS1012195.xml,1012195,NOKLTE:LNADJL,xL25R2_2503_121,MRBTS-1012195/LNBTS-1012195/LNADJ-250/LNADJL-255,create
2026.05.14,MRBTS1012195.xml,1012195,NOKLTE:LNADJ,xL25R2_2503_121,MRBTS-1012195/LNBTS-1012195/LNADJ-251,create
2026.05.14,MRBTS1012195.xml,1012195,NOKLTE:LNADJL,xL25R2_2503_121,MRBTS-1012195/LNBTS-1012195/LNADJ-251/LNADJL-250,create
2026.05.14,MRBTS1012195.xml,1012195,NOKLTE:LNADJL,xL25R2_2503_121,MRBTS-1012195/LNBTS-1012195/LNADJ-251/LNADJL-251,create
2026.05.14,MRBTS1012195.xml,1012195,NOKLTE:LNADJL,xL25R2_2503_121,MRBTS-1012195/LNBTS-1012195/LNADJ-251/LNADJL-252,create
2026.05.14,MRBTS1012195.xml,1012195,NOKLTE:LNADJL,xL25R2_2503_121,MRBTS-1012195/LNBTS-1012195/LNADJ-251/LNADJL-253,create
2026.05.14,MRBTS1012195.xml,1012195,NOKLTE:LNADJL,xL25R2_2503_121,MRBTS-1012195/LNBTS-1012195/LNADJ-251/LNADJL-254,create
2026.05.14,MRBTS1012195.xml,1012195,NOKLTE:LNADJL,xL25R2_2503_121,MRBTS-1012195/LNBTS-1012195/LNADJ-251/LNADJL-255,create
2026.05.14,MRBTS1012195.xml,1012195,NOKLTE:LNADJ,xL25R2_2503_121,MRBTS-1012195/LNBTS-1012195/LNADJ-252,create
2026.05.14,MRBTS1012195.xml,1012195,NOKLTE:LNADJL,xL25R2_2503_121,MRBTS-1012195/LNBTS-1012195/LNADJ-252/LNADJL-250,create
2026.05.14,MRBTS1012195.xml,1012195,NOKLTE:LNADJL,xL25R2_2503_121,MRBTS-1012195/LNBTS-1012195/LNADJ-252/LNADJL-251,create
2026.05.14,MRBTS1012195.xml,1012195,NOKLTE:LNADJL,xL25R2_2503_121,MRBTS-1012195/LNBTS-1012195/LNADJ-252/LNADJL-252,create
2026.05.14,MRBTS1012195.xml,1012195,NOKLTE:LNADJL,xL25R2_2503_121,MRBTS-1012195/LNBTS-1012195/LNADJ-252/LNADJL-253,create
2026.05.14,MRBTS1012195.xml,1012195,NOKLTE:LNADJL,xL25R2_2503_121,MRBTS-1012195/LNBTS-1012195/LNADJ-252/LNADJL-254,create
2026.05.14,MRBTS1012195.xml,1012195,NOKLTE:LNADJL,xL25R2_2503_121,MRBTS-1012195/LNBTS-1012195/LNADJ-252/LNADJL-255,create
2026.05.14,MRBTS1012195.xml,1012195,NOKLTE:LNADJ,xL25R2_2503_121,MRBTS-1012195/LNBTS-1012195/LNADJ-253,create
2026.05.14,MRBTS1012195.xml,1012195,NOKLTE:LNADJL,xL25R2_2503_121,MRBTS-1012195/LNBTS-1012195/LNADJ-253/LNADJL-250,create
2026.05.14,MRBTS1012195.xml,1012195,NOKLTE:LNADJL,xL25R2_2503_121,MRBTS-1012195/LNBTS-1012195/LNADJ-253/LNADJL-251,create
2026.05.14,MRBTS1012195.xml,1012195,NOKLTE:LNADJL,xL25R2_2503_121,MRBTS-1012195/LNBTS-1012195/LNADJ-253/LNADJL-252,create
2026.05.14,MRBTS1012195.xml,1012195,NOKLTE:LNADJL,xL25R2_2503_121,MRBTS-1012195/LNBTS-1012195/LNADJ-253/LNADJL-253,create
2026.05.14,MRBTS1012195.xml,1012195,NOKLTE:LNADJL,xL25R2_2503_121,MRBTS-1012195/LNBTS-1012195/LNADJ-253/LNADJL-254,create
2026.05.14,MRBTS1012195.xml,1012195,NOKLTE:LNADJL,xL25R2_2503_121,MRBTS-1012195/LNBTS-1012195/LNADJ-253/LNADJL-255,create
2026.05.14,MRBTS1012195.xml,1012195,NOKLTE:LNADJ,xL25R2_2503_121,MRBTS-1012195/LNBTS-1012195/LNADJ-254,create
2026.05.14,MRBTS1012195.xml,1012195,NOKLTE:LNADJL,xL25R2_2503_121,MRBTS-1012195/LNBTS-1012195/LNADJ-254/LNADJL-250,create
2026.05.14,MRBTS1012195.xml,1012195,NOKLTE:LNADJL,xL25R2_2503_121,MRBTS-1012195/LNBTS-1012195/LNADJ-254/LNADJL-251,create
2026.05.14,MRBTS1012195.xml,1012195,NOKLTE:LNADJL,xL25R2_2503_121,MRBTS-1012195/LNBTS-1012195/LNADJ-254/LNADJL-252,create
2026.05.14,MRBTS1012195.xml,1012195,NOKLTE:LNADJL,xL25R2_2503_121,MRBTS-1012195/LNBTS-1012195/LNADJ-254/LNADJL-253,create
2026.05.14,MRBTS1012195.xml,1012195,NOKLTE:LNADJL,xL25R2_2503_121,MRBTS-1012195/LNBTS-1012195/LNADJ-254/LNADJL-254,create
2026.05.14,MRBTS1012195.xml,1012195,NOKLTE:LNADJL,xL25R2_2503_121,MRBTS-1012195/LNBTS-1012195/LNADJ-254/LNADJL-255,create
2026.05.14,MRBTS1012195.xml,1012195,NOKLTE:LNADJ,xL25R2_2503_121,MRBTS-1012195/LNBTS-1012195/LNADJ-255,create
2026.05.14,MRBTS1012195.xml,1012195,NOKLTE:LNADJL,xL25R2_2503_121,MRBTS-1012195/LNBTS-1012195/LNADJ-255/LNADJL-250,create
2026.05.14,MRBTS1012195.xml,1012195,NOKLTE:LNADJL,xL25R2_2503_121,MRBTS-1012195/LNBTS-1012195/LNADJ-255/LNADJL-251,create
2026.05.14,MRBTS1012195.xml,1012195,NOKLTE:LNADJL,xL25R2_2503_121,MRBTS-1012195/LNBTS-1012195/LNADJ-255/LNADJL-252,create
2026.05.14,MRBTS1012195.xml,1012195,NOKLTE:LNADJL,xL25R2_2503_121,MRBTS-1012195/LNBTS-1012195/LNADJ-255/LNADJL-253,create
2026.05.14,MRBTS1012195.xml,1012195,NOKLTE:LNADJL,xL25R2_2503_121,MRBTS-1012195/LNBTS-1012195/LNADJ-255/LNADJL-254,create
2026.05.14,MRBTS1012195.xml,1012195,NOKLTE:LNADJL,xL25R2_2503_121,MRBTS-1012195/LNBTS-1012195/LNADJ-255/LNADJL-255,create
2026.05.14,MRBTS1012195.xml,1012195,NOKLTE:LNBTS_TDD,xL25R2_2503_121,MRBTS-1012195/LNBTS-1012195/LNBTS_TDD-0,create
2026.05.14,MRBTS1012195.xml,1012195,NOKLTE:LNCEL,xL25R2_2503_121,MRBTS-1012195/LNBTS-1012195/LNCEL-11,create
2026.05.14,MRBTS1012195.xml,1012195,NOKLTE:AMLEPR,xL25R2_2503_121,MRBTS-1012195/LNBTS-1012195/LNCEL-11/AMLEPR-0,create
2026.05.14,MRBTS1012195.xml,1012195,NOKLTE:BBPOOLALLOC,xL25R2_2503_121,MRBTS-1012195/LNBTS-1012195/LNCEL-11/BBPOOLALLOC-0,create
2026.05.14,MRBTS1012195.xml,1012195,NOKLTE:DRX,xL25R2_2503_121,MRBTS-1012195/LNBTS-1012195/LNCEL-11/DRX-0,create
2026.05.14,MRBTS1012195.xml,1012195,NOKLTE:IAFIM,xL25R2_2503_121,MRBTS-1012195/LNBTS-1012195/LNCEL-11/IAFIM-1,create
2026.05.14,MRBTS1012195.xml,1012195,NOKLTE:IFGDPR,xL25R2_2503_121,MRBTS-1012195/LNBTS-1012195/LNCEL-11/IFGDPR-0,create
2026.05.14,MRBTS1012195.xml,1012195,NOKLTE:IFGPR,xL25R2_2503_121,MRBTS-1012195/LNBTS-1012195/LNCEL-11/IFGPR-0,create
2026.05.14,MRBTS1012195.xml,1012195,NOKLTE:IRFIM,xL25R2_2503_121,MRBTS-1012195/LNBTS-1012195/LNCEL-11/IRFIM-1,create
2026.05.14,MRBTS1012195.xml,1012195,NOKLTE:IRFIM,xL25R2_2503_121,MRBTS-1012195/LNBTS-1012195/LNCEL-11/IRFIM-2,create
2026.05.14,MRBTS1012195.xml,1012195,NOKLTE:LNCEL_TDD,xL25R2_2503_121,MRBTS-1012195/LNBTS-1012195/LNCEL-11/LNCEL_TDD-0,create
2026.05.14,MRBTS1012195.xml,1012195,NOKLTE:APUCCH_TDD,xL25R2_2503_121,MRBTS-1012195/LNBTS-1012195/LNCEL-11/LNCEL_TDD-0/APUCCH_TDD-0,create
2026.05.14,MRBTS1012195.xml,1012195,NOKLTE:MPUCCH_TDD,xL25R2_2503_121,MRBTS-1012195/LNBTS-1012195/LNCEL-11/LNCEL_TDD-0/MPUCCH_TDD-0,create
2026.05.14,MRBTS1012195.xml,1012195,NOKLTE:LNHOIF,xL25R2_2503_121,MRBTS-1012195/LNBTS-1012195/LNCEL-11/LNHOIF-1,create
2026.05.14,MRBTS1012195.xml,1012195,NOKLTE:LNHOIF,xL25R2_2503_121,MRBTS-1012195/LNBTS-1012195/LNCEL-11/LNHOIF-2,create
2026.05.14,MRBTS1012195.xml,1012195,NOKLTE:LNREL,xL25R2_2503_121,MRBTS-1012195/LNBTS-1012195/LNCEL-11/LNREL-1,create
2026.05.14,MRBTS1012195.xml,1012195,NOKLTE:LNREL,xL25R2_2503_121,MRBTS-1012195/LNBTS-1012195/LNCEL-11/LNREL-358,create
2026.05.14,MRBTS1012195.xml,1012195,NOKLTE:LNREL,xL25R2_2503_121,MRBTS-1012195/LNBTS-1012195/LNCEL-11/LNREL-362,create
2026.05.14,MRBTS1012195.xml,1012195,NOKLTE:LNREL,xL25R2_2503_121,MRBTS-1012195/LNBTS-1012195/LNCEL-11/LNREL-367,create
2026.05.14,MRBTS1012195.xml,1012195,NOKLTE:LNREL,xL25R2_2503_121,MRBTS-1012195/LNBTS-1012195/LNCEL-11/LNREL-368,create
2026.05.14,MRBTS1012195.xml,1012195,NOKLTE:LNREL,xL25R2_2503_121,MRBTS-1012195/LNBTS-1012195/LNCEL-11/LNREL-369,create
2026.05.14,MRBTS1012195.xml,1012195,NOKLTE:LNREL,xL25R2_2503_121,MRBTS-1012195/LNBTS-1012195/LNCEL-11/LNREL-370,create
2026.05.14,MRBTS1012195.xml,1012195,NOKLTE:LNREL,xL25R2_2503_121,MRBTS-1012195/LNBTS-1012195/LNCEL-11/LNREL-371,create
2026.05.14,MRBTS1012195.xml,1012195,NOKLTE:LNREL,xL25R2_2503_121,MRBTS-1012195/LNBTS-1012195/LNCEL-11/LNREL-372,create
2026.05.14,MRBTS1012195.xml,1012195,NOKLTE:LNREL,xL25R2_2503_121,MRBTS-1012195/LNBTS-1012195/LNCEL-11/LNREL-373,create
2026.05.14,MRBTS1012195.xml,1012195,NOKLTE:LNREL,xL25R2_2503_121,MRBTS-1012195/LNBTS-1012195/LNCEL-11/LNREL-374,create
2026.05.14,MRBTS1012195.xml,1012195,NOKLTE:LNREL,xL25R2_2503_121,MRBTS-1012195/LNBTS-1012195/LNCEL-11/LNREL-375,create
2026.05.14,MRBTS1012195.xml,1012195,NOKLTE:LNREL,xL25R2_2503_121,MRBTS-1012195/LNBTS-1012195/LNCEL-11/LNREL-376,create
2026.05.14,MRBTS1012195.xml,1012195,NOKLTE:LNREL,xL25R2_2503_121,MRBTS-1012195/LNBTS-1012195/LNCEL-11/LNREL-377,create
2026.05.14,MRBTS1012195.xml,1012195,NOKLTE:LNREL,xL25R2_2503_121,MRBTS-1012195/LNBTS-1012195/LNCEL-11/LNREL-378,create
2026.05.14,MRBTS1012195.xml,1012195,NOKLTE:LNREL,xL25R2_2503_121,MRBTS-1012195/LNBTS-1012195/LNCEL-11/LNREL-380,create
2026.05.14,MRBTS1012195.xml,1012195,NOKLTE:LNREL,xL25R2_2503_121,MRBTS-1012195/LNBTS-1012195/LNCEL-11/LNREL-381,create
2026.05.14,MRBTS1012195.xml,1012195,NOKLTE:LNREL,xL25R2_2503_121,MRBTS-1012195/LNBTS-1012195/LNCEL-11/LNREL-382,create
2026.05.14,MRBTS1012195.xml,1012195,NOKLTE:LNREL,xL25R2_2503_121,MRBTS-1012195/LNBTS-1012195/LNCEL-11/LNREL-383,create
2026.05.14,MRBTS1012195.xml,1012195,NOKLTE:LNREL,xL25R2_2503_121,MRBTS-1012195/LNBTS-1012195/LNCEL-11/LNREL-384,create
2026.05.14,MRBTS1012195.xml,1012195,NOKLTE:LNREL,xL25R2_2503_121,MRBTS-1012195/LNBTS-1012195/LNCEL-11/LNREL-385,create
2026.05.14,MRBTS1012195.xml,1012195,NOKLTE:LNREL,xL25R2_2503_121,MRBTS-1012195/LNBTS-1012195/LNCEL-11/LNREL-386,create
2026.05.14,MRBTS1012195.xml,1012195,NOKLTE:LNREL,xL25R2_2503_121,MRBTS-1012195/LNBTS-1012195/LNCEL-11/LNREL-387,create
2026.05.14,MRBTS1012195.xml,1012195,NOKLTE:LNREL,xL25R2_2503_121,MRBTS-1012195/LNBTS-1012195/LNCEL-11/LNREL-388,create
2026.05.14,MRBTS1012195.xml,1012195,NOKLTE:SDRX,xL25R2_2503_121,MRBTS-1012195/LNBTS-1012195/LNCEL-11/SDRX-0,create
2026.05.14,MRBTS1012195.xml,1012195,NOKLTE:SIB,xL25R2_2503_121,MRBTS-1012195/LNBTS-1012195/LNCEL-11/SIB-0,create
2026.05.14,MRBTS1012195.xml,1012195,NOKLTE:LNCEL,xL25R2_2503_121,MRBTS-1012195/LNBTS-1012195/LNCEL-12,create
2026.05.14,MRBTS1012195.xml,1012195,NOKLTE:AMLEPR,xL25R2_2503_121,MRBTS-1012195/LNBTS-1012195/LNCEL-12/AMLEPR-0,create
2026.05.14,MRBTS1012195.xml,1012195,NOKLTE:BBPOOLALLOC,xL25R2_2503_121,MRBTS-1012195/LNBTS-1012195/LNCEL-12/BBPOOLALLOC-0,create
2026.05.14,MRBTS1012195.xml,1012195,NOKLTE:DRX,xL25R2_2503_121,MRBTS-1012195/LNBTS-1012195/LNCEL-12/DRX-0,create
2026.05.14,MRBTS1012195.xml,1012195,NOKLTE:IAFIM,xL25R2_2503_121,MRBTS-1012195/LNBTS-1012195/LNCEL-12/IAFIM-1,create
2026.05.14,MRBTS1012195.xml,1012195,NOKLTE:IFGDPR,xL25R2_2503_121,MRBTS-1012195/LNBTS-1012195/LNCEL-12/IFGDPR-0,create
2026.05.14,MRBTS1012195.xml,1012195,NOKLTE:IFGPR,xL25R2_2503_121,MRBTS-1012195/LNBTS-1012195/LNCEL-12/IFGPR-0,create
2026.05.14,MRBTS1012195.xml,1012195,NOKLTE:IRFIM,xL25R2_2503_121,MRBTS-1012195/LNBTS-1012195/LNCEL-12/IRFIM-1,create
2026.05.14,MRBTS1012195.xml,1012195,NOKLTE:IRFIM,xL25R2_2503_121,MRBTS-1012195/LNBTS-1012195/LNCEL-12/IRFIM-2,create
2026.05.14,MRBTS1012195.xml,1012195,NOKLTE:LNCEL_TDD,xL25R2_2503_121,MRBTS-1012195/LNBTS-1012195/LNCEL-12/LNCEL_TDD-0,create
2026.05.14,MRBTS1012195.xml,1012195,NOKLTE:APUCCH_TDD,xL25R2_2503_121,MRBTS-1012195/LNBTS-1012195/LNCEL-12/LNCEL_TDD-0/APUCCH_TDD-0,create
2026.05.14,MRBTS1012195.xml,1012195,NOKLTE:MPUCCH_TDD,xL25R2_2503_121,MRBTS-1012195/LNBTS-1012195/LNCEL-12/LNCEL_TDD-0/MPUCCH_TDD-0,create
2026.05.14,MRBTS1012195.xml,1012195,NOKLTE:LNHOIF,xL25R2_2503_121,MRBTS-1012195/LNBTS-1012195/LNCEL-12/LNHOIF-1,create
2026.05.14,MRBTS1012195.xml,1012195,NOKLTE:LNHOIF,xL25R2_2503_121,MRBTS-1012195/LNBTS-1012195/LNCEL-12/LNHOIF-2,create
2026.05.14,MRBTS1012195.xml,1012195,NOKLTE:LNREL,xL25R2_2503_121,MRBTS-1012195/LNBTS-1012195/LNCEL-12/LNREL-1,create
2026.05.14,MRBTS1012195.xml,1012195,NOKLTE:LNREL,xL25R2_2503_121,MRBTS-1012195/LNBTS-1012195/LNCEL-12/LNREL-335,create
2026.05.14,MRBTS1012195.xml,1012195,NOKLTE:LNREL,xL25R2_2503_121,MRBTS-1012195/LNBTS-1012195/LNCEL-12/LNREL-336,create
2026.05.14,MRBTS1012195.xml,1012195,NOKLTE:LNREL,xL25R2_2503_121,MRBTS-1012195/LNBTS-1012195/LNCEL-12/LNREL-337,create
2026.05.14,MRBTS1012195.xml,1012195,NOKLTE:LNREL,xL25R2_2503_121,MRBTS-1012195/LNBTS-1012195/LNCEL-12/LNREL-338,create
2026.05.14,MRBTS1012195.xml,1012195,NOKLTE:LNREL,xL25R2_2503_121,MRBTS-1012195/LNBTS-1012195/LNCEL-12/LNREL-339,create
2026.05.14,MRBTS1012195.xml,1012195,NOKLTE:LNREL,xL25R2_2503_121,MRBTS-1012195/LNBTS-1012195/LNCEL-12/LNREL-340,create
2026.05.14,MRBTS1012195.xml,1012195,NOKLTE:LNREL,xL25R2_2503_121,MRBTS-1012195/LNBTS-1012195/LNCEL-12/LNREL-342,create
2026.05.14,MRBTS1012195.xml,1012195,NOKLTE:LNREL,xL25R2_2503_121,MRBTS-1012195/LNBTS-1012195/LNCEL-12/LNREL-343,create
2026.05.14,MRBTS1012195.xml,1012195,NOKLTE:LNREL,xL25R2_2503_121,MRBTS-1012195/LNBTS-1012195/LNCEL-12/LNREL-344,create
2026.05.14,MRBTS1012195.xml,1012195,NOKLTE:LNREL,xL25R2_2503_121,MRBTS-1012195/LNBTS-1012195/LNCEL-12/LNREL-345,create
2026.05.14,MRBTS1012195.xml,1012195,NOKLTE:LNREL,xL25R2_2503_121,MRBTS-1012195/LNBTS-1012195/LNCEL-12/LNREL-348,create
2026.05.14,MRBTS1012195.xml,1012195,NOKLTE:LNREL,xL25R2_2503_121,MRBTS-1012195/LNBTS-1012195/LNCEL-12/LNREL-349,create
2026.05.14,MRBTS1012195.xml,1012195,NOKLTE:LNREL,xL25R2_2503_121,MRBTS-1012195/LNBTS-1012195/LNCEL-12/LNREL-350,create
2026.05.14,MRBTS1012195.xml,1012195,NOKLTE:LNREL,xL25R2_2503_121,MRBTS-1012195/LNBTS-1012195/LNCEL-12/LNREL-351,create
2026.05.14,MRBTS1012195.xml,1012195,NOKLTE:LNREL,xL25R2_2503_121,MRBTS-1012195/LNBTS-1012195/LNCEL-12/LNREL-352,create
2026.05.14,MRBTS1012195.xml,1012195,NOKLTE:LNREL,xL25R2_2503_121,MRBTS-1012195/LNBTS-1012195/LNCEL-12/LNREL-353,create
2026.05.14,MRBTS1012195.xml,1012195,NOKLTE:LNREL,xL25R2_2503_121,MRBTS-1012195/LNBTS-1012195/LNCEL-12/LNREL-354,create
2026.05.14,MRBTS1012195.xml,1012195,NOKLTE:LNREL,xL25R2_2503_121,MRBTS-1012195/LNBTS-1012195/LNCEL-12/LNREL-355,create
2026.05.14,MRBTS1012195.xml,1012195,NOKLTE:LNREL,xL25R2_2503_121,MRBTS-1012195/LNBTS-1012195/LNCEL-12/LNREL-356,create
2026.05.14,MRBTS1012195.xml,1012195,NOKLTE:LNREL,xL25R2_2503_121,MRBTS-1012195/LNBTS-1012195/LNCEL-12/LNREL-357,create
2026.05.14,MRBTS1012195.xml,1012195,NOKLTE:LNREL,xL25R2_2503_121,MRBTS-1012195/LNBTS-1012195/LNCEL-12/LNREL-358,create
2026.05.14,MRBTS1012195.xml,1012195,NOKLTE:LNREL,xL25R2_2503_121,MRBTS-1012195/LNBTS-1012195/LNCEL-12/LNREL-359,create
2026.05.14,MRBTS1012195.xml,1012195,NOKLTE:LNREL,xL25R2_2503_121,MRBTS-1012195/LNBTS-1012195/LNCEL-12/LNREL-360,create
2026.05.14,MRBTS1012195.xml,1012195,NOKLTE:LNREL,xL25R2_2503_121,MRBTS-1012195/LNBTS-1012195/LNCEL-12/LNREL-361,create
2026.05.14,MRBTS1012195.xml,1012195,NOKLTE:LNREL,xL25R2_2503_121,MRBTS-1012195/LNBTS-1012195/LNCEL-12/LNREL-362,create
2026.05.14,MRBTS1012195.xml,1012195,NOKLTE:LNREL,xL25R2_2503_121,MRBTS-1012195/LNBTS-1012195/LNCEL-12/LNREL-363,create
2026.05.14,MRBTS1012195.xml,1012195,NOKLTE:LNREL,xL25R2_2503_121,MRBTS-1012195/LNBTS-1012195/LNCEL-12/LNREL-364,create
2026.05.14,MRBTS1012195.xml,1012195,NOKLTE:LNREL,xL25R2_2503_121,MRBTS-1012195/LNBTS-1012195/LNCEL-12/LNREL-365,create
2026.05.14,MRBTS1012195.xml,1012195,NOKLTE:LNREL,xL25R2_2503_121,MRBTS-1012195/LNBTS-1012195/LNCEL-12/LNREL-366,create
2026.05.14,MRBTS1012195.xml,1012195,NOKLTE:LNREL,xL25R2_2503_121,MRBTS-1012195/LNBTS-1012195/LNCEL-12/LNREL-367,create
2026.05.14,MRBTS1012195.xml,1012195,NOKLTE:LNREL,xL25R2_2503_121,MRBTS-1012195/LNBTS-1012195/LNCEL-12/LNREL-368,create
2026.05.14,MRBTS1012195.xml,1012195,NOKLTE:LNREL,xL25R2_2503_121,MRBTS-1012195/LNBTS-1012195/LNCEL-12/LNREL-369,create
2026.05.14,MRBTS1012195.xml,1012195,NOKLTE:LNREL,xL25R2_2503_121,MRBTS-1012195/LNBTS-1012195/LNCEL-12/LNREL-370,create
2026.05.14,MRBTS1012195.xml,1012195,NOKLTE:LNREL,xL25R2_2503_121,MRBTS-1012195/LNBTS-1012195/LNCEL-12/LNREL-371,create
2026.05.14,MRBTS1012195.xml,1012195,NOKLTE:LNREL,xL25R2_2503_121,MRBTS-1012195/LNBTS-1012195/LNCEL-12/LNREL-372,create
2026.05.14,MRBTS1012195.xml,1012195,NOKLTE:LNREL,xL25R2_2503_121,MRBTS-1012195/LNBTS-1012195/LNCEL-12/LNREL-373,create
2026.05.14,MRBTS1012195.xml,1012195,NOKLTE:LNREL,xL25R2_2503_121,MRBTS-1012195/LNBTS-1012195/LNCEL-12/LNREL-374,create
2026.05.14,MRBTS1012195.xml,1012195,NOKLTE:LNREL,xL25R2_2503_121,MRBTS-1012195/LNBTS-1012195/LNCEL-12/LNREL-375,create
2026.05.14,MRBTS1012195.xml,1012195,NOKLTE:LNREL,xL25R2_2503_121,MRBTS-1012195/LNBTS-1012195/LNCEL-12/LNREL-376,create
2026.05.14,MRBTS1012195.xml,1012195,NOKLTE:LNREL,xL25R2_2503_121,MRBTS-1012195/LNBTS-1012195/LNCEL-12/LNREL-377,create
2026.05.14,MRBTS1012195.xml,1012195,NOKLTE:LNREL,xL25R2_2503_121,MRBTS-1012195/LNBTS-1012195/LNCEL-12/LNREL-378,create
2026.05.14,MRBTS1012195.xml,1012195,NOKLTE:LNREL,xL25R2_2503_121,MRBTS-1012195/LNBTS-1012195/LNCEL-12/LNREL-379,create
2026.05.14,MRBTS1012195.xml,1012195,NOKLTE:LNREL,xL25R2_2503_121,MRBTS-1012195/LNBTS-1012195/LNCEL-12/LNREL-380,create
2026.05.14,MRBTS1012195.xml,1012195,NOKLTE:LNREL,xL25R2_2503_121,MRBTS-1012195/LNBTS-1012195/LNCEL-12/LNREL-381,create
2026.05.14,MRBTS1012195.xml,1012195,NOKLTE:LNREL,xL25R2_2503_121,MRBTS-1012195/LNBTS-1012195/LNCEL-12/LNREL-382,create
2026.05.14,MRBTS1012195.xml,1012195,NOKLTE:LNREL,xL25R2_2503_121,MRBTS-1012195/LNBTS-1012195/LNCEL-12/LNREL-383,create
2026.05.14,MRBTS1012195.xml,1012195,NOKLTE:LNREL,xL25R2_2503_121,MRBTS-1012195/LNBTS-1012195/LNCEL-12/LNREL-384,create
2026.05.14,MRBTS1012195.xml,1012195,NOKLTE:LNREL,xL25R2_2503_121,MRBTS-1012195/LNBTS-1012195/LNCEL-12/LNREL-385,create
2026.05.14,MRBTS1012195.xml,1012195,NOKLTE:LNREL,xL25R2_2503_121,MRBTS-1012195/LNBTS-1012195/LNCEL-12/LNREL-386,create
2026.05.14,MRBTS1012195.xml,1012195,NOKLTE:LNREL,xL25R2_2503_121,MRBTS-1012195/LNBTS-1012195/LNCEL-12/LNREL-387,create
2026.05.14,MRBTS1012195.xml,1012195,NOKLTE:LNREL,xL25R2_2503_121,MRBTS-1012195/LNBTS-1012195/LNCEL-12/LNREL-388,create
2026.05.14,MRBTS1012195.xml,1012195,NOKLTE:SDRX,xL25R2_2503_121,MRBTS-1012195/LNBTS-1012195/LNCEL-12/SDRX-0,create
2026.05.14,MRBTS1012195.xml,1012195,NOKLTE:SIB,xL25R2_2503_121,MRBTS-1012195/LNBTS-1012195/LNCEL-12/SIB-0,create
2026.05.14,MRBTS1012195.xml,1012195,NOKLTE:LNCEL,xL25R2_2503_121,MRBTS-1012195/LNBTS-1012195/LNCEL-13,create
2026.05.14,MRBTS1012195.xml,1012195,NOKLTE:AMLEPR,xL25R2_2503_121,MRBTS-1012195/LNBTS-1012195/LNCEL-13/AMLEPR-0,create
2026.05.14,MRBTS1012195.xml,1012195,NOKLTE:BBPOOLALLOC,xL25R2_2503_121,MRBTS-1012195/LNBTS-1012195/LNCEL-13/BBPOOLALLOC-0,create
2026.05.14,MRBTS1012195.xml,1012195,NOKLTE:DRX,xL25R2_2503_121,MRBTS-1012195/LNBTS-1012195/LNCEL-13/DRX-0,create
2026.05.14,MRBTS1012195.xml,1012195,NOKLTE:IAFIM,xL25R2_2503_121,MRBTS-1012195/LNBTS-1012195/LNCEL-13/IAFIM-1,create
2026.05.14,MRBTS1012195.xml,1012195,NOKLTE:IFGDPR,xL25R2_2503_121,MRBTS-1012195/LNBTS-1012195/LNCEL-13/IFGDPR-0,create
2026.05.14,MRBTS1012195.xml,1012195,NOKLTE:IFGPR,xL25R2_2503_121,MRBTS-1012195/LNBTS-1012195/LNCEL-13/IFGPR-0,create
2026.05.14,MRBTS1012195.xml,1012195,NOKLTE:IRFIM,xL25R2_2503_121,MRBTS-1012195/LNBTS-1012195/LNCEL-13/IRFIM-1,create
2026.05.14,MRBTS1012195.xml,1012195,NOKLTE:IRFIM,xL25R2_2503_121,MRBTS-1012195/LNBTS-1012195/LNCEL-13/IRFIM-2,create
2026.05.14,MRBTS1012195.xml,1012195,NOKLTE:LNCEL_TDD,xL25R2_2503_121,MRBTS-1012195/LNBTS-1012195/LNCEL-13/LNCEL_TDD-0,create
2026.05.14,MRBTS1012195.xml,1012195,NOKLTE:APUCCH_TDD,xL25R2_2503_121,MRBTS-1012195/LNBTS-1012195/LNCEL-13/LNCEL_TDD-0/APUCCH_TDD-0,create
2026.05.14,MRBTS1012195.xml,1012195,NOKLTE:MPUCCH_TDD,xL25R2_2503_121,MRBTS-1012195/LNBTS-1012195/LNCEL-13/LNCEL_TDD-0/MPUCCH_TDD-0,create
2026.05.14,MRBTS1012195.xml,1012195,NOKLTE:LNHOIF,xL25R2_2503_121,MRBTS-1012195/LNBTS-1012195/LNCEL-13/LNHOIF-1,create
2026.05.14,MRBTS1012195.xml,1012195,NOKLTE:LNHOIF,xL25R2_2503_121,MRBTS-1012195/LNBTS-1012195/LNCEL-13/LNHOIF-2,create
2026.05.14,MRBTS1012195.xml,1012195,NOKLTE:LNREL,xL25R2_2503_121,MRBTS-1012195/LNBTS-1012195/LNCEL-13/LNREL-1,create
2026.05.14,MRBTS1012195.xml,1012195,NOKLTE:LNREL,xL25R2_2503_121,MRBTS-1012195/LNBTS-1012195/LNCEL-13/LNREL-366,create
2026.05.14,MRBTS1012195.xml,1012195,NOKLTE:LNREL,xL25R2_2503_121,MRBTS-1012195/LNBTS-1012195/LNCEL-13/LNREL-367,create
2026.05.14,MRBTS1012195.xml,1012195,NOKLTE:LNREL,xL25R2_2503_121,MRBTS-1012195/LNBTS-1012195/LNCEL-13/LNREL-368,create
2026.05.14,MRBTS1012195.xml,1012195,NOKLTE:LNREL,xL25R2_2503_121,MRBTS-1012195/LNBTS-1012195/LNCEL-13/LNREL-369,create
2026.05.14,MRBTS1012195.xml,1012195,NOKLTE:LNREL,xL25R2_2503_121,MRBTS-1012195/LNBTS-1012195/LNCEL-13/LNREL-370,create
2026.05.14,MRBTS1012195.xml,1012195,NOKLTE:LNREL,xL25R2_2503_121,MRBTS-1012195/LNBTS-1012195/LNCEL-13/LNREL-372,create
2026.05.14,MRBTS1012195.xml,1012195,NOKLTE:LNREL,xL25R2_2503_121,MRBTS-1012195/LNBTS-1012195/LNCEL-13/LNREL-373,create
2026.05.14,MRBTS1012195.xml,1012195,NOKLTE:LNREL,xL25R2_2503_121,MRBTS-1012195/LNBTS-1012195/LNCEL-13/LNREL-374,create
2026.05.14,MRBTS1012195.xml,1012195,NOKLTE:LNREL,xL25R2_2503_121,MRBTS-1012195/LNBTS-1012195/LNCEL-13/LNREL-375,create
2026.05.14,MRBTS1012195.xml,1012195,NOKLTE:LNREL,xL25R2_2503_121,MRBTS-1012195/LNBTS-1012195/LNCEL-13/LNREL-376,create
2026.05.14,MRBTS1012195.xml,1012195,NOKLTE:LNREL,xL25R2_2503_121,MRBTS-1012195/LNBTS-1012195/LNCEL-13/LNREL-377,create
2026.05.14,MRBTS1012195.xml,1012195,NOKLTE:LNREL,xL25R2_2503_121,MRBTS-1012195/LNBTS-1012195/LNCEL-13/LNREL-378,create
2026.05.14,MRBTS1012195.xml,1012195,NOKLTE:LNREL,xL25R2_2503_121,MRBTS-1012195/LNBTS-1012195/LNCEL-13/LNREL-379,create
2026.05.14,MRBTS1012195.xml,1012195,NOKLTE:LNREL,xL25R2_2503_121,MRBTS-1012195/LNBTS-1012195/LNCEL-13/LNREL-380,create
2026.05.14,MRBTS1012195.xml,1012195,NOKLTE:LNREL,xL25R2_2503_121,MRBTS-1012195/LNBTS-1012195/LNCEL-13/LNREL-381,create
2026.05.14,MRBTS1012195.xml,1012195,NOKLTE:LNREL,xL25R2_2503_121,MRBTS-1012195/LNBTS-1012195/LNCEL-13/LNREL-382,create
2026.05.14,MRBTS1012195.xml,1012195,NOKLTE:LNREL,xL25R2_2503_121,MRBTS-1012195/LNBTS-1012195/LNCEL-13/LNREL-383,create
2026.05.14,MRBTS1012195.xml,1012195,NOKLTE:LNREL,xL25R2_2503_121,MRBTS-1012195/LNBTS-1012195/LNCEL-13/LNREL-384,create
2026.05.14,MRBTS1012195.xml,1012195,NOKLTE:LNREL,xL25R2_2503_121,MRBTS-1012195/LNBTS-1012195/LNCEL-13/LNREL-385,create
2026.05.14,MRBTS1012195.xml,1012195,NOKLTE:LNREL,xL25R2_2503_121,MRBTS-1012195/LNBTS-1012195/LNCEL-13/LNREL-386,create
2026.05.14,MRBTS1012195.xml,1012195,NOKLTE:LNREL,xL25R2_2503_121,MRBTS-1012195/LNBTS-1012195/LNCEL-13/LNREL-387,create
2026.05.14,MRBTS1012195.xml,1012195,NOKLTE:LNREL,xL25R2_2503_121,MRBTS-1012195/LNBTS-1012195/LNCEL-13/LNREL-388,create
2026.05.14,MRBTS1012195.xml,1012195,NOKLTE:SDRX,xL25R2_2503_121,MRBTS-1012195/LNBTS-1012195/LNCEL-13/SDRX-0,create
2026.05.14,MRBTS1012195.xml,1012195,NOKLTE:SIB,xL25R2_2503_121,MRBTS-1012195/LNBTS-1012195/LNCEL-13/SIB-0,create
2026.05.14,MRBTS1012195.xml,1012195,NOKLTE:LNCEL,xL25R2_2503_121,MRBTS-1012195/LNBTS-1012195/LNCEL-21,create
2026.05.14,MRBTS1012195.xml,1012195,NOKLTE:AMLEPR,xL25R2_2503_121,MRBTS-1012195/LNBTS-1012195/LNCEL-21/AMLEPR-0,create
2026.05.14,MRBTS1012195.xml,1012195,NOKLTE:BBPOOLALLOC,xL25R2_2503_121,MRBTS-1012195/LNBTS-1012195/LNCEL-21/BBPOOLALLOC-0,create
2026.05.14,MRBTS1012195.xml,1012195,NOKLTE:DRX,xL25R2_2503_121,MRBTS-1012195/LNBTS-1012195/LNCEL-21/DRX-0,create
2026.05.14,MRBTS1012195.xml,1012195,NOKLTE:IAFIM,xL25R2_2503_121,MRBTS-1012195/LNBTS-1012195/LNCEL-21/IAFIM-1,create
2026.05.14,MRBTS1012195.xml,1012195,NOKLTE:IFGDPR,xL25R2_2503_121,MRBTS-1012195/LNBTS-1012195/LNCEL-21/IFGDPR-0,create
2026.05.14,MRBTS1012195.xml,1012195,NOKLTE:IFGPR,xL25R2_2503_121,MRBTS-1012195/LNBTS-1012195/LNCEL-21/IFGPR-0,create
2026.05.14,MRBTS1012195.xml,1012195,NOKLTE:IRFIM,xL25R2_2503_121,MRBTS-1012195/LNBTS-1012195/LNCEL-21/IRFIM-1,create
2026.05.14,MRBTS1012195.xml,1012195,NOKLTE:IRFIM,xL25R2_2503_121,MRBTS-1012195/LNBTS-1012195/LNCEL-21/IRFIM-2,create
2026.05.14,MRBTS1012195.xml,1012195,NOKLTE:LNCEL_TDD,xL25R2_2503_121,MRBTS-1012195/LNBTS-1012195/LNCEL-21/LNCEL_TDD-0,create
2026.05.14,MRBTS1012195.xml,1012195,NOKLTE:APUCCH_TDD,xL25R2_2503_121,MRBTS-1012195/LNBTS-1012195/LNCEL-21/LNCEL_TDD-0/APUCCH_TDD-0,create
2026.05.14,MRBTS1012195.xml,1012195,NOKLTE:MPUCCH_TDD,xL25R2_2503_121,MRBTS-1012195/LNBTS-1012195/LNCEL-21/LNCEL_TDD-0/MPUCCH_TDD-0,create
2026.05.14,MRBTS1012195.xml,1012195,NOKLTE:LNHOIF,xL25R2_2503_121,MRBTS-1012195/LNBTS-1012195/LNCEL-21/LNHOIF-1,create
2026.05.14,MRBTS1012195.xml,1012195,NOKLTE:LNHOIF,xL25R2_2503_121,MRBTS-1012195/LNBTS-1012195/LNCEL-21/LNHOIF-2,create
2026.05.14,MRBTS1012195.xml,1012195,NOKLTE:LNREL,xL25R2_2503_121,MRBTS-1012195/LNBTS-1012195/LNCEL-21/LNREL-1,create
2026.05.14,MRBTS1012195.xml,1012195,NOKLTE:LNREL,xL25R2_2503_121,MRBTS-1012195/LNBTS-1012195/LNCEL-21/LNREL-361,create
2026.05.14,MRBTS1012195.xml,1012195,NOKLTE:LNREL,xL25R2_2503_121,MRBTS-1012195/LNBTS-1012195/LNCEL-21/LNREL-362,create
2026.05.14,MRBTS1012195.xml,1012195,NOKLTE:LNREL,xL25R2_2503_121,MRBTS-1012195/LNBTS-1012195/LNCEL-21/LNREL-363,create
2026.05.14,MRBTS1012195.xml,1012195,NOKLTE:LNREL,xL25R2_2503_121,MRBTS-1012195/LNBTS-1012195/LNCEL-21/LNREL-364,create
2026.05.14,MRBTS1012195.xml,1012195,NOKLTE:LNREL,xL25R2_2503_121,MRBTS-1012195/LNBTS-1012195/LNCEL-21/LNREL-365,create
2026.05.14,MRBTS1012195.xml,1012195,NOKLTE:LNREL,xL25R2_2503_121,MRBTS-1012195/LNBTS-1012195/LNCEL-21/LNREL-366,create
2026.05.14,MRBTS1012195.xml,1012195,NOKLTE:LNREL,xL25R2_2503_121,MRBTS-1012195/LNBTS-1012195/LNCEL-21/LNREL-368,create
2026.05.14,MRBTS1012195.xml,1012195,NOKLTE:LNREL,xL25R2_2503_121,MRBTS-1012195/LNBTS-1012195/LNCEL-21/LNREL-373,create
2026.05.14,MRBTS1012195.xml,1012195,NOKLTE:LNREL,xL25R2_2503_121,MRBTS-1012195/LNBTS-1012195/LNCEL-21/LNREL-374,create
2026.05.14,MRBTS1012195.xml,1012195,NOKLTE:LNREL,xL25R2_2503_121,MRBTS-1012195/LNBTS-1012195/LNCEL-21/LNREL-375,create
2026.05.14,MRBTS1012195.xml,1012195,NOKLTE:LNREL,xL25R2_2503_121,MRBTS-1012195/LNBTS-1012195/LNCEL-21/LNREL-376,create
2026.05.14,MRBTS1012195.xml,1012195,NOKLTE:LNREL,xL25R2_2503_121,MRBTS-1012195/LNBTS-1012195/LNCEL-21/LNREL-377,create
2026.05.14,MRBTS1012195.xml,1012195,NOKLTE:LNREL,xL25R2_2503_121,MRBTS-1012195/LNBTS-1012195/LNCEL-21/LNREL-378,create
2026.05.14,MRBTS1012195.xml,1012195,NOKLTE:LNREL,xL25R2_2503_121,MRBTS-1012195/LNBTS-1012195/LNCEL-21/LNREL-379,create
2026.05.14,MRBTS1012195.xml,1012195,NOKLTE:LNREL,xL25R2_2503_121,MRBTS-1012195/LNBTS-1012195/LNCEL-21/LNREL-380,create
2026.05.14,MRBTS1012195.xml,1012195,NOKLTE:LNREL,xL25R2_2503_121,MRBTS-1012195/LNBTS-1012195/LNCEL-21/LNREL-381,create
2026.05.14,MRBTS1012195.xml,1012195,NOKLTE:LNREL,xL25R2_2503_121,MRBTS-1012195/LNBTS-1012195/LNCEL-21/LNREL-383,create
2026.05.14,MRBTS1012195.xml,1012195,NOKLTE:LNREL,xL25R2_2503_121,MRBTS-1012195/LNBTS-1012195/LNCEL-21/LNREL-384,create
2026.05.14,MRBTS1012195.xml,1012195,NOKLTE:LNREL,xL25R2_2503_121,MRBTS-1012195/LNBTS-1012195/LNCEL-21/LNREL-385,create
2026.05.14,MRBTS1012195.xml,1012195,NOKLTE:LNREL,xL25R2_2503_121,MRBTS-1012195/LNBTS-1012195/LNCEL-21/LNREL-386,create
2026.05.14,MRBTS1012195.xml,1012195,NOKLTE:LNREL,xL25R2_2503_121,MRBTS-1012195/LNBTS-1012195/LNCEL-21/LNREL-387,create
2026.05.14,MRBTS1012195.xml,1012195,NOKLTE:LNREL,xL25R2_2503_121,MRBTS-1012195/LNBTS-1012195/LNCEL-21/LNREL-388,create
2026.05.14,MRBTS1012195.xml,1012195,NOKLTE:SDRX,xL25R2_2503_121,MRBTS-1012195/LNBTS-1012195/LNCEL-21/SDRX-0,create
2026.05.14,MRBTS1012195.xml,1012195,NOKLTE:SIB,xL25R2_2503_121,MRBTS-1012195/LNBTS-1012195/LNCEL-21/SIB-0,create
2026.05.14,MRBTS1012195.xml,1012195,NOKLTE:LNCEL,xL25R2_2503_121,MRBTS-1012195/LNBTS-1012195/LNCEL-22,create
2026.05.14,MRBTS1012195.xml,1012195,NOKLTE:AMLEPR,xL25R2_2503_121,MRBTS-1012195/LNBTS-1012195/LNCEL-22/AMLEPR-0,create
2026.05.14,MRBTS1012195.xml,1012195,NOKLTE:BBPOOLALLOC,xL25R2_2503_121,MRBTS-1012195/LNBTS-1012195/LNCEL-22/BBPOOLALLOC-0,create
2026.05.14,MRBTS1012195.xml,1012195,NOKLTE:DRX,xL25R2_2503_121,MRBTS-1012195/LNBTS-1012195/LNCEL-22/DRX-0,create
2026.05.14,MRBTS1012195.xml,1012195,NOKLTE:IAFIM,xL25R2_2503_121,MRBTS-1012195/LNBTS-1012195/LNCEL-22/IAFIM-1,create
2026.05.14,MRBTS1012195.xml,1012195,NOKLTE:IFGDPR,xL25R2_2503_121,MRBTS-1012195/LNBTS-1012195/LNCEL-22/IFGDPR-0,create
2026.05.14,MRBTS1012195.xml,1012195,NOKLTE:IFGPR,xL25R2_2503_121,MRBTS-1012195/LNBTS-1012195/LNCEL-22/IFGPR-0,create
2026.05.14,MRBTS1012195.xml,1012195,NOKLTE:IRFIM,xL25R2_2503_121,MRBTS-1012195/LNBTS-1012195/LNCEL-22/IRFIM-1,create
2026.05.14,MRBTS1012195.xml,1012195,NOKLTE:IRFIM,xL25R2_2503_121,MRBTS-1012195/LNBTS-1012195/LNCEL-22/IRFIM-2,create
2026.05.14,MRBTS1012195.xml,1012195,NOKLTE:LNCEL_TDD,xL25R2_2503_121,MRBTS-1012195/LNBTS-1012195/LNCEL-22/LNCEL_TDD-0,create
2026.05.14,MRBTS1012195.xml,1012195,NOKLTE:APUCCH_TDD,xL25R2_2503_121,MRBTS-1012195/LNBTS-1012195/LNCEL-22/LNCEL_TDD-0/APUCCH_TDD-0,create
2026.05.14,MRBTS1012195.xml,1012195,NOKLTE:MPUCCH_TDD,xL25R2_2503_121,MRBTS-1012195/LNBTS-1012195/LNCEL-22/LNCEL_TDD-0/MPUCCH_TDD-0,create
2026.05.14,MRBTS1012195.xml,1012195,NOKLTE:LNHOIF,xL25R2_2503_121,MRBTS-1012195/LNBTS-1012195/LNCEL-22/LNHOIF-1,create
2026.05.14,MRBTS1012195.xml,1012195,NOKLTE:LNHOIF,xL25R2_2503_121,MRBTS-1012195/LNBTS-1012195/LNCEL-22/LNHOIF-2,create
2026.05.14,MRBTS1012195.xml,1012195,NOKLTE:LNREL,xL25R2_2503_121,MRBTS-1012195/LNBTS-1012195/LNCEL-22/LNREL-1,create
2026.05.14,MRBTS1012195.xml,1012195,NOKLTE:LNREL,xL25R2_2503_121,MRBTS-1012195/LNBTS-1012195/LNCEL-22/LNREL-331,create
2026.05.14,MRBTS1012195.xml,1012195,NOKLTE:LNREL,xL25R2_2503_121,MRBTS-1012195/LNBTS-1012195/LNCEL-22/LNREL-332,create
2026.05.14,MRBTS1012195.xml,1012195,NOKLTE:LNREL,xL25R2_2503_121,MRBTS-1012195/LNBTS-1012195/LNCEL-22/LNREL-333,create
2026.05.14,MRBTS1012195.xml,1012195,NOKLTE:LNREL,xL25R2_2503_121,MRBTS-1012195/LNBTS-1012195/LNCEL-22/LNREL-334,create
2026.05.14,MRBTS1012195.xml,1012195,NOKLTE:LNREL,xL25R2_2503_121,MRBTS-1012195/LNBTS-1012195/LNCEL-22/LNREL-338,create
2026.05.14,MRBTS1012195.xml,1012195,NOKLTE:LNREL,xL25R2_2503_121,MRBTS-1012195/LNBTS-1012195/LNCEL-22/LNREL-339,create
2026.05.14,MRBTS1012195.xml,1012195,NOKLTE:LNREL,xL25R2_2503_121,MRBTS-1012195/LNBTS-1012195/LNCEL-22/LNREL-341,create
2026.05.14,MRBTS1012195.xml,1012195,NOKLTE:LNREL,xL25R2_2503_121,MRBTS-1012195/LNBTS-1012195/LNCEL-22/LNREL-345,create
2026.05.14,MRBTS1012195.xml,1012195,NOKLTE:LNREL,xL25R2_2503_121,MRBTS-1012195/LNBTS-1012195/LNCEL-22/LNREL-351,create
2026.05.14,MRBTS1012195.xml,1012195,NOKLTE:LNREL,xL25R2_2503_121,MRBTS-1012195/LNBTS-1012195/LNCEL-22/LNREL-352,create
2026.05.14,MRBTS1012195.xml,1012195,NOKLTE:LNREL,xL25R2_2503_121,MRBTS-1012195/LNBTS-1012195/LNCEL-22/LNREL-355,create
2026.05.14,MRBTS1012195.xml,1012195,NOKLTE:LNREL,xL25R2_2503_121,MRBTS-1012195/LNBTS-1012195/LNCEL-22/LNREL-356,create
2026.05.14,MRBTS1012195.xml,1012195,NOKLTE:LNREL,xL25R2_2503_121,MRBTS-1012195/LNBTS-1012195/LNCEL-22/LNREL-357,create
2026.05.14,MRBTS1012195.xml,1012195,NOKLTE:LNREL,xL25R2_2503_121,MRBTS-1012195/LNBTS-1012195/LNCEL-22/LNREL-358,create
2026.05.14,MRBTS1012195.xml,1012195,NOKLTE:LNREL,xL25R2_2503_121,MRBTS-1012195/LNBTS-1012195/LNCEL-22/LNREL-360,create
2026.05.14,MRBTS1012195.xml,1012195,NOKLTE:LNREL,xL25R2_2503_121,MRBTS-1012195/LNBTS-1012195/LNCEL-22/LNREL-362,create
2026.05.14,MRBTS1012195.xml,1012195,NOKLTE:LNREL,xL25R2_2503_121,MRBTS-1012195/LNBTS-1012195/LNCEL-22/LNREL-363,create
2026.05.14,MRBTS1012195.xml,1012195,NOKLTE:LNREL,xL25R2_2503_121,MRBTS-1012195/LNBTS-1012195/LNCEL-22/LNREL-365,create
2026.05.14,MRBTS1012195.xml,1012195,NOKLTE:LNREL,xL25R2_2503_121,MRBTS-1012195/LNBTS-1012195/LNCEL-22/LNREL-366,create
2026.05.14,MRBTS1012195.xml,1012195,NOKLTE:LNREL,xL25R2_2503_121,MRBTS-1012195/LNBTS-1012195/LNCEL-22/LNREL-367,create
2026.05.14,MRBTS1012195.xml,1012195,NOKLTE:LNREL,xL25R2_2503_121,MRBTS-1012195/LNBTS-1012195/LNCEL-22/LNREL-369,create
2026.05.14,MRBTS1012195.xml,1012195,NOKLTE:LNREL,xL25R2_2503_121,MRBTS-1012195/LNBTS-1012195/LNCEL-22/LNREL-370,create
2026.05.14,MRBTS1012195.xml,1012195,NOKLTE:LNREL,xL25R2_2503_121,MRBTS-1012195/LNBTS-1012195/LNCEL-22/LNREL-371,create
2026.05.14,MRBTS1012195.xml,1012195,NOKLTE:LNREL,xL25R2_2503_121,MRBTS-1012195/LNBTS-1012195/LNCEL-22/LNREL-372,create
2026.05.14,MRBTS1012195.xml,1012195,NOKLTE:LNREL,xL25R2_2503_121,MRBTS-1012195/LNBTS-1012195/LNCEL-22/LNREL-373,create
2026.05.14,MRBTS1012195.xml,1012195,NOKLTE:LNREL,xL25R2_2503_121,MRBTS-1012195/LNBTS-1012195/LNCEL-22/LNREL-374,create
2026.05.14,MRBTS1012195.xml,1012195,NOKLTE:LNREL,xL25R2_2503_121,MRBTS-1012195/LNBTS-1012195/LNCEL-22/LNREL-376,create
2026.05.14,MRBTS1012195.xml,1012195,NOKLTE:LNREL,xL25R2_2503_121,MRBTS-1012195/LNBTS-1012195/LNCEL-22/LNREL-377,create
2026.05.14,MRBTS1012195.xml,1012195,NOKLTE:LNREL,xL25R2_2503_121,MRBTS-1012195/LNBTS-1012195/LNCEL-22/LNREL-378,create
2026.05.14,MRBTS1012195.xml,1012195,NOKLTE:LNREL,xL25R2_2503_121,MRBTS-1012195/LNBTS-1012195/LNCEL-22/LNREL-379,create
2026.05.14,MRBTS1012195.xml,1012195,NOKLTE:LNREL,xL25R2_2503_121,MRBTS-1012195/LNBTS-1012195/LNCEL-22/LNREL-380,create
2026.05.14,MRBTS1012195.xml,1012195,NOKLTE:LNREL,xL25R2_2503_121,MRBTS-1012195/LNBTS-1012195/LNCEL-22/LNREL-381,create
2026.05.14,MRBTS1012195.xml,1012195,NOKLTE:LNREL,xL25R2_2503_121,MRBTS-1012195/LNBTS-1012195/LNCEL-22/LNREL-382,create
2026.05.14,MRBTS1012195.xml,1012195,NOKLTE:LNREL,xL25R2_2503_121,MRBTS-1012195/LNBTS-1012195/LNCEL-22/LNREL-383,create
2026.05.14,MRBTS1012195.xml,1012195,NOKLTE:LNREL,xL25R2_2503_121,MRBTS-1012195/LNBTS-1012195/LNCEL-22/LNREL-384,create
2026.05.14,MRBTS1012195.xml,1012195,NOKLTE:LNREL,xL25R2_2503_121,MRBTS-1012195/LNBTS-1012195/LNCEL-22/LNREL-385,create
2026.05.14,MRBTS1012195.xml,1012195,NOKLTE:LNREL,xL25R2_2503_121,MRBTS-1012195/LNBTS-1012195/LNCEL-22/LNREL-386,create
2026.05.14,MRBTS1012195.xml,1012195,NOKLTE:LNREL,xL25R2_2503_121,MRBTS-1012195/LNBTS-1012195/LNCEL-22/LNREL-387,create
2026.05.14,MRBTS1012195.xml,1012195,NOKLTE:LNREL,xL25R2_2503_121,MRBTS-1012195/LNBTS-1012195/LNCEL-22/LNREL-388,create
2026.05.14,MRBTS1012195.xml,1012195,NOKLTE:SDRX,xL25R2_2503_121,MRBTS-1012195/LNBTS-1012195/LNCEL-22/SDRX-0,create
2026.05.14,MRBTS1012195.xml,1012195,NOKLTE:SIB,xL25R2_2503_121,MRBTS-1012195/LNBTS-1012195/LNCEL-22/SIB-0,create
2026.05.14,MRBTS1012195.xml,1012195,NOKLTE:LNCEL,xL25R2_2503_121,MRBTS-1012195/LNBTS-1012195/LNCEL-23,create
2026.05.14,MRBTS1012195.xml,1012195,NOKLTE:AMLEPR,xL25R2_2503_121,MRBTS-1012195/LNBTS-1012195/LNCEL-23/AMLEPR-0,create
2026.05.14,MRBTS1012195.xml,1012195,NOKLTE:BBPOOLALLOC,xL25R2_2503_121,MRBTS-1012195/LNBTS-1012195/LNCEL-23/BBPOOLALLOC-0,create
2026.05.14,MRBTS1012195.xml,1012195,NOKLTE:DRX,xL25R2_2503_121,MRBTS-1012195/LNBTS-1012195/LNCEL-23/DRX-0,create
2026.05.14,MRBTS1012195.xml,1012195,NOKLTE:IAFIM,xL25R2_2503_121,MRBTS-1012195/LNBTS-1012195/LNCEL-23/IAFIM-1,create
2026.05.14,MRBTS1012195.xml,1012195,NOKLTE:IFGDPR,xL25R2_2503_121,MRBTS-1012195/LNBTS-1012195/LNCEL-23/IFGDPR-0,create
2026.05.14,MRBTS1012195.xml,1012195,NOKLTE:IFGPR,xL25R2_2503_121,MRBTS-1012195/LNBTS-1012195/LNCEL-23/IFGPR-0,create
2026.05.14,MRBTS1012195.xml,1012195,NOKLTE:IRFIM,xL25R2_2503_121,MRBTS-1012195/LNBTS-1012195/LNCEL-23/IRFIM-1,create
2026.05.14,MRBTS1012195.xml,1012195,NOKLTE:IRFIM,xL25R2_2503_121,MRBTS-1012195/LNBTS-1012195/LNCEL-23/IRFIM-2,create
2026.05.14,MRBTS1012195.xml,1012195,NOKLTE:LNCEL_TDD,xL25R2_2503_121,MRBTS-1012195/LNBTS-1012195/LNCEL-23/LNCEL_TDD-0,create
2026.05.14,MRBTS1012195.xml,1012195,NOKLTE:APUCCH_TDD,xL25R2_2503_121,MRBTS-1012195/LNBTS-1012195/LNCEL-23/LNCEL_TDD-0/APUCCH_TDD-0,create
2026.05.14,MRBTS1012195.xml,1012195,NOKLTE:MPUCCH_TDD,xL25R2_2503_121,MRBTS-1012195/LNBTS-1012195/LNCEL-23/LNCEL_TDD-0/MPUCCH_TDD-0,create
2026.05.14,MRBTS1012195.xml,1012195,NOKLTE:LNHOIF,xL25R2_2503_121,MRBTS-1012195/LNBTS-1012195/LNCEL-23/LNHOIF-1,create
2026.05.14,MRBTS1012195.xml,1012195,NOKLTE:LNHOIF,xL25R2_2503_121,MRBTS-1012195/LNBTS-1012195/LNCEL-23/LNHOIF-2,create
2026.05.14,MRBTS1012195.xml,1012195,NOKLTE:LNREL,xL25R2_2503_121,MRBTS-1012195/LNBTS-1012195/LNCEL-23/LNREL-1,create
2026.05.14,MRBTS1012195.xml,1012195,NOKLTE:LNREL,xL25R2_2503_121,MRBTS-1012195/LNBTS-1012195/LNCEL-23/LNREL-360,create
2026.05.14,MRBTS1012195.xml,1012195,NOKLTE:LNREL,xL25R2_2503_121,MRBTS-1012195/LNBTS-1012195/LNCEL-23/LNREL-361,create
2026.05.14,MRBTS1012195.xml,1012195,NOKLTE:LNREL,xL25R2_2503_121,MRBTS-1012195/LNBTS-1012195/LNCEL-23/LNREL-362,create
2026.05.14,MRBTS1012195.xml,1012195,NOKLTE:LNREL,xL25R2_2503_121,MRBTS-1012195/LNBTS-1012195/LNCEL-23/LNREL-363,create
2026.05.14,MRBTS1012195.xml,1012195,NOKLTE:LNREL,xL25R2_2503_121,MRBTS-1012195/LNBTS-1012195/LNCEL-23/LNREL-364,create
2026.05.14,MRBTS1012195.xml,1012195,NOKLTE:LNREL,xL25R2_2503_121,MRBTS-1012195/LNBTS-1012195/LNCEL-23/LNREL-365,create
2026.05.14,MRBTS1012195.xml,1012195,NOKLTE:LNREL,xL25R2_2503_121,MRBTS-1012195/LNBTS-1012195/LNCEL-23/LNREL-366,create
2026.05.14,MRBTS1012195.xml,1012195,NOKLTE:LNREL,xL25R2_2503_121,MRBTS-1012195/LNBTS-1012195/LNCEL-23/LNREL-367,create
2026.05.14,MRBTS1012195.xml,1012195,NOKLTE:LNREL,xL25R2_2503_121,MRBTS-1012195/LNBTS-1012195/LNCEL-23/LNREL-368,create
2026.05.14,MRBTS1012195.xml,1012195,NOKLTE:LNREL,xL25R2_2503_121,MRBTS-1012195/LNBTS-1012195/LNCEL-23/LNREL-369,create
2026.05.14,MRBTS1012195.xml,1012195,NOKLTE:LNREL,xL25R2_2503_121,MRBTS-1012195/LNBTS-1012195/LNCEL-23/LNREL-370,create
2026.05.14,MRBTS1012195.xml,1012195,NOKLTE:LNREL,xL25R2_2503_121,MRBTS-1012195/LNBTS-1012195/LNCEL-23/LNREL-371,create
2026.05.14,MRBTS1012195.xml,1012195,NOKLTE:LNREL,xL25R2_2503_121,MRBTS-1012195/LNBTS-1012195/LNCEL-23/LNREL-372,create
2026.05.14,MRBTS1012195.xml,1012195,NOKLTE:LNREL,xL25R2_2503_121,MRBTS-1012195/LNBTS-1012195/LNCEL-23/LNREL-373,create
2026.05.14,MRBTS1012195.xml,1012195,NOKLTE:LNREL,xL25R2_2503_121,MRBTS-1012195/LNBTS-1012195/LNCEL-23/LNREL-374,create
2026.05.14,MRBTS1012195.xml,1012195,NOKLTE:LNREL,xL25R2_2503_121,MRBTS-1012195/LNBTS-1012195/LNCEL-23/LNREL-375,create
2026.05.14,MRBTS1012195.xml,1012195,NOKLTE:LNREL,xL25R2_2503_121,MRBTS-1012195/LNBTS-1012195/LNCEL-23/LNREL-376,create
2026.05.14,MRBTS1012195.xml,1012195,NOKLTE:LNREL,xL25R2_2503_121,MRBTS-1012195/LNBTS-1012195/LNCEL-23/LNREL-377,create
2026.05.14,MRBTS1012195.xml,1012195,NOKLTE:LNREL,xL25R2_2503_121,MRBTS-1012195/LNBTS-1012195/LNCEL-23/LNREL-378,create
2026.05.14,MRBTS1012195.xml,1012195,NOKLTE:LNREL,xL25R2_2503_121,MRBTS-1012195/LNBTS-1012195/LNCEL-23/LNREL-380,create
2026.05.14,MRBTS1012195.xml,1012195,NOKLTE:LNREL,xL25R2_2503_121,MRBTS-1012195/LNBTS-1012195/LNCEL-23/LNREL-381,create
2026.05.14,MRBTS1012195.xml,1012195,NOKLTE:LNREL,xL25R2_2503_121,MRBTS-1012195/LNBTS-1012195/LNCEL-23/LNREL-382,create
2026.05.14,MRBTS1012195.xml,1012195,NOKLTE:LNREL,xL25R2_2503_121,MRBTS-1012195/LNBTS-1012195/LNCEL-23/LNREL-383,create
2026.05.14,MRBTS1012195.xml,1012195,NOKLTE:LNREL,xL25R2_2503_121,MRBTS-1012195/LNBTS-1012195/LNCEL-23/LNREL-384,create
2026.05.14,MRBTS1012195.xml,1012195,NOKLTE:LNREL,xL25R2_2503_121,MRBTS-1012195/LNBTS-1012195/LNCEL-23/LNREL-385,create
2026.05.14,MRBTS1012195.xml,1012195,NOKLTE:LNREL,xL25R2_2503_121,MRBTS-1012195/LNBTS-1012195/LNCEL-23/LNREL-386,create
2026.05.14,MRBTS1012195.xml,1012195,NOKLTE:LNREL,xL25R2_2503_121,MRBTS-1012195/LNBTS-1012195/LNCEL-23/LNREL-387,create
2026.05.14,MRBTS1012195.xml,1012195,NOKLTE:LNREL,xL25R2_2503_121,MRBTS-1012195/LNBTS-1012195/LNCEL-23/LNREL-388,create
2026.05.14,MRBTS1012195.xml,1012195,NOKLTE:SDRX,xL25R2_2503_121,MRBTS-1012195/LNBTS-1012195/LNCEL-23/SDRX-0,create
2026.05.14,MRBTS1012195.xml,1012195,NOKLTE:SIB,xL25R2_2503_121,MRBTS-1012195/LNBTS-1012195/LNCEL-23/SIB-0,create
2026.05.14,MRBTS1012195.xml,1012195,NOKLTE:LNMME,xL25R2_2503_121,MRBTS-1012195/LNBTS-1012195/LNMME-0,create
2026.05.14,MRBTS1012195.xml,1012195,NOKLTE:LNMME,xL25R2_2503_121,MRBTS-1012195/LNBTS-1012195/LNMME-1,create
2026.05.14,MRBTS1012195.xml,1012195,NOKLTE:MMIMOCPR,xL25R2_2503_121,MRBTS-1012195/LNBTS-1012195/MMIMOCPR-0,create
2026.05.14,MRBTS1012195.xml,1012195,NOKLTE:MMIMOCPR,xL25R2_2503_121,MRBTS-1012195/LNBTS-1012195/MMIMOCPR-1,create
2026.05.14,MRBTS1012195.xml,1012195,NOKLTE:MMIMOCPR,xL25R2_2503_121,MRBTS-1012195/LNBTS-1012195/MMIMOCPR-10,create
2026.05.14,MRBTS1012195.xml,1012195,NOKLTE:MMIMOCPR,xL25R2_2503_121,MRBTS-1012195/LNBTS-1012195/MMIMOCPR-11,create
2026.05.14,MRBTS1012195.xml,1012195,NOKLTE:MMIMOCPR,xL25R2_2503_121,MRBTS-1012195/LNBTS-1012195/MMIMOCPR-12,create
2026.05.14,MRBTS1012195.xml,1012195,NOKLTE:MMIMOCPR,xL25R2_2503_121,MRBTS-1012195/LNBTS-1012195/MMIMOCPR-13,create
2026.05.14,MRBTS1012195.xml,1012195,NOKLTE:MMIMOCPR,xL25R2_2503_121,MRBTS-1012195/LNBTS-1012195/MMIMOCPR-14,create
2026.05.14,MRBTS1012195.xml,1012195,NOKLTE:MMIMOCPR,xL25R2_2503_121,MRBTS-1012195/LNBTS-1012195/MMIMOCPR-15,create
2026.05.14,MRBTS1012195.xml,1012195,NOKLTE:MMIMOCPR,xL25R2_2503_121,MRBTS-1012195/LNBTS-1012195/MMIMOCPR-2,create
2026.05.14,MRBTS1012195.xml,1012195,NOKLTE:MMIMOCPR,xL25R2_2503_121,MRBTS-1012195/LNBTS-1012195/MMIMOCPR-3,create
2026.05.14,MRBTS1012195.xml,1012195,NOKLTE:MMIMOCPR,xL25R2_2503_121,MRBTS-1012195/LNBTS-1012195/MMIMOCPR-4,create
2026.05.14,MRBTS1012195.xml,1012195,NOKLTE:MMIMOCPR,xL25R2_2503_121,MRBTS-1012195/LNBTS-1012195/MMIMOCPR-5,create
2026.05.14,MRBTS1012195.xml,1012195,NOKLTE:MMIMOCPR,xL25R2_2503_121,MRBTS-1012195/LNBTS-1012195/MMIMOCPR-6,create
2026.05.14,MRBTS1012195.xml,1012195,NOKLTE:MMIMOCPR,xL25R2_2503_121,MRBTS-1012195/LNBTS-1012195/MMIMOCPR-7,create
2026.05.14,MRBTS1012195.xml,1012195,NOKLTE:MMIMOCPR,xL25R2_2503_121,MRBTS-1012195/LNBTS-1012195/MMIMOCPR-8,create
2026.05.14,MRBTS1012195.xml,1012195,NOKLTE:MMIMOCPR,xL25R2_2503_121,MRBTS-1012195/LNBTS-1012195/MMIMOCPR-9,create
2026.05.14,MRBTS1012195.xml,1012195,NOKLTE:MODPR,xL25R2_2503_121,MRBTS-1012195/LNBTS-1012195/MODPR-0,create
2026.05.14,MRBTS1012195.xml,1012195,NOKLTE:PMRNL,xL25R2_2503_121,MRBTS-1012195/LNBTS-1012195/PMRNL-1,create
2026.05.14,MRBTS1012195.xml,1012195,NOKLTE:PMCCP,xL25R2_2503_121,MRBTS-1012195/LNBTS-1012195/PMRNL-1/PMCCP-1,create
2026.05.14,MRBTS1012195.xml,1012195,NOKLTE:PMPLM,xL25R2_2503_121,MRBTS-1012195/LNBTS-1012195/PMRNL-1/PMPLM-1,create
2026.05.14,MRBTS1012195.xml,1012195,NOKLTE:PMQAP,xL25R2_2503_121,MRBTS-1012195/LNBTS-1012195/PMRNL-1/PMQAP-18,create
2026.05.14,MRBTS1012195.xml,1012195,NOKLTE:PMQAP,xL25R2_2503_121,MRBTS-1012195/LNBTS-1012195/PMRNL-1/PMQAP-19,create
2026.05.14,MRBTS1012195.xml,1012195,NOKLTE:PMQAP,xL25R2_2503_121,MRBTS-1012195/LNBTS-1012195/PMRNL-1/PMQAP-6,create
2026.05.14,MRBTS1012195.xml,1012195,NOKLTE:PMQAP,xL25R2_2503_121,MRBTS-1012195/LNBTS-1012195/PMRNL-1/PMQAP-7,create
2026.05.14,MRBTS1012195.xml,1012195,NOKLTE:PMQAP,xL25R2_2503_121,MRBTS-1012195/LNBTS-1012195/PMRNL-1/PMQAP-8,create
2026.05.14,MRBTS1012195.xml,1012195,NOKLTE:PMQAP,xL25R2_2503_121,MRBTS-1012195/LNBTS-1012195/PMRNL-1/PMQAP-9,create
2026.05.14,MRBTS1012195.xml,1012195,NOKLTE:PMRPQH,xL25R2_2503_121,MRBTS-1012195/LNBTS-1012195/PMRNL-1/PMRPQH-1,create
2026.05.14,MRBTS1012195.xml,1012195,NOKLTE:RIM,xL25R2_2503_121,MRBTS-1012195/LNBTS-1012195/RIM-0,create
2026.05.14,MRBTS1012195.xml,1012195,NOKLTE:SCTP,xL25R2_2503_121,MRBTS-1012195/LNBTS-1012195/SCTP-1,create
2026.05.14,MRBTS1012195.xml,1012195,NOKLTE:TMSWPR,xL25R2_2503_121,MRBTS-1012195/LNBTS-1012195/TMSWPR-0,create
2026.05.14,MRBTS1012195.xml,1012195,NOKLTE:TMSWPR,xL25R2_2503_121,MRBTS-1012195/LNBTS-1012195/TMSWPR-4,create
2026.05.14,MRBTS1012195.xml,1012195,NOKLTE:TRSNW,xL25R2_2503_121,MRBTS-1012195/LNBTS-1012195/TRSNW-0,create
2026.05.14,MRBTS1012195.xml,1012195,NOKLTE:ULCOMPBASICCONF,xL25R2_2503_121,MRBTS-1012195/LNBTS-1012195/ULCOMPBASICCONF-1,create
2026.05.14,MRBTS1012195.xml,1012195,NOKLTE:ULCOMPBASICCONF,xL25R2_2503_121,MRBTS-1012195/LNBTS-1012195/ULCOMPBASICCONF-2,create
2026.05.14,MRBTS1012195.xml,1012195,com.nokia.srbts.mnl:MNL,MNL25R2_2503_111,MRBTS-1012195/MNL-1,create
2026.05.14,MRBTS1012195.xml,1012195,com.nokia.srbts.mnl:AMGR,MNL25R2_2503_111,MRBTS-1012195/MNL-1/AMGR-1,create
2026.05.14,MRBTS1012195.xml,1012195,com.nokia.srbts.mnl:LUAC,MNL25R2_2503_111,MRBTS-1012195/MNL-1/AMGR-1/LUAC-1,create
2026.05.14,MRBTS1012195.xml,1012195,com.nokia.srbts.mnl:LUAC_R,MNL25R2_2503_111,MRBTS-1012195/MNL-1/AMGR-1/LUAC-1/LUAC_R-1,create
2026.05.14,MRBTS1012195.xml,1012195,com.nokia.srbts.mnl:CERTH,MNL25R2_2503_111,MRBTS-1012195/MNL-1/CERTH-1,create
2026.05.14,MRBTS1012195.xml,1012195,com.nokia.srbts.mnl:CMP,MNL25R2_2503_111,MRBTS-1012195/MNL-1/CERTH-1/CMP-1,create
2026.05.14,MRBTS1012195.xml,1012195,com.nokia.srbts.mnl:CMPECDSA,MNL25R2_2503_111,MRBTS-1012195/MNL-1/CERTH-1/CMPECDSA-1,create
2026.05.14,MRBTS1012195.xml,1012195,com.nokia.srbts.mnl:CMPFH,MNL25R2_2503_111,MRBTS-1012195/MNL-1/CERTH-1/CMPFH-1,create
2026.05.14,MRBTS1012195.xml,1012195,com.nokia.srbts.mnl:CMPFHEXT,MNL25R2_2503_111,MRBTS-1012195/MNL-1/CERTH-1/CMPFHEXT-1,create
2026.05.14,MRBTS1012195.xml,1012195,com.nokia.srbts.mnl:CRLH,MNL25R2_2503_111,MRBTS-1012195/MNL-1/CERTH-1/CRLH-1,create
2026.05.14,MRBTS1012195.xml,1012195,com.nokia.srbts.mnl:CMD,MNL25R2_2503_111,MRBTS-1012195/MNL-1/CMD-1,create
2026.05.14,MRBTS1012195.xml,1012195,com.nokia.srbts.mnl:MNLENT,MNL25R2_2503_111,MRBTS-1012195/MNL-1/MNLENT-1,create
2026.05.14,MRBTS1012195.xml,1012195,com.nokia.srbts.mnl:BBADM,MNL25R2_2503_111,MRBTS-1012195/MNL-1/MNLENT-1/BBADM-1,create
2026.05.14,MRBTS1012195.xml,1012195,com.nokia.srbts.mnl:BBPOOL,MNL25R2_2503_111,MRBTS-1012195/MNL-1/MNLENT-1/BBADM-1/BBPOOL-11,create
2026.05.14,MRBTS1012195.xml,1012195,com.nokia.srbts.mnl:BBPOOL,MNL25R2_2503_111,MRBTS-1012195/MNL-1/MNLENT-1/BBADM-1/BBPOOL-12,create
2026.05.14,MRBTS1012195.xml,1012195,com.nokia.srbts.mnl:CAPCFG,MNL25R2_2503_111,MRBTS-1012195/MNL-1/MNLENT-1/CAPCFG-1,create
2026.05.14,MRBTS1012195.xml,1012195,com.nokia.srbts.mnl:CELLMAPPING,MNL25R2_2503_111,MRBTS-1012195/MNL-1/MNLENT-1/CELLMAPPING-1,create
2026.05.14,MRBTS1012195.xml,1012195,com.nokia.srbts.mnl:LCELL,MNL25R2_2503_111,MRBTS-1012195/MNL-1/MNLENT-1/CELLMAPPING-1/LCELL-11,create
2026.05.14,MRBTS1012195.xml,1012195,com.nokia.srbts.mnl:CHANNELGROUP,MNL25R2_2503_111,MRBTS-1012195/MNL-1/MNLENT-1/CELLMAPPING-1/LCELL-11/CHANNELGROUP-1,create
2026.05.14,MRBTS1012195.xml,1012195,com.nokia.srbts.mnl:CHANNEL,MNL25R2_2503_111,MRBTS-1012195/MNL-1/MNLENT-1/CELLMAPPING-1/LCELL-11/CHANNELGROUP-1/CHANNEL-1,create
2026.05.14,MRBTS1012195.xml,1012195,com.nokia.srbts.mnl:CHANNEL,MNL25R2_2503_111,MRBTS-1012195/MNL-1/MNLENT-1/CELLMAPPING-1/LCELL-11/CHANNELGROUP-1/CHANNEL-10,create
2026.05.14,MRBTS1012195.xml,1012195,com.nokia.srbts.mnl:CHANNEL,MNL25R2_2503_111,MRBTS-1012195/MNL-1/MNLENT-1/CELLMAPPING-1/LCELL-11/CHANNELGROUP-1/CHANNEL-11,create
2026.05.14,MRBTS1012195.xml,1012195,com.nokia.srbts.mnl:CHANNEL,MNL25R2_2503_111,MRBTS-1012195/MNL-1/MNLENT-1/CELLMAPPING-1/LCELL-11/CHANNELGROUP-1/CHANNEL-12,create
2026.05.14,MRBTS1012195.xml,1012195,com.nokia.srbts.mnl:CHANNEL,MNL25R2_2503_111,MRBTS-1012195/MNL-1/MNLENT-1/CELLMAPPING-1/LCELL-11/CHANNELGROUP-1/CHANNEL-13,create
2026.05.14,MRBTS1012195.xml,1012195,com.nokia.srbts.mnl:CHANNEL,MNL25R2_2503_111,MRBTS-1012195/MNL-1/MNLENT-1/CELLMAPPING-1/LCELL-11/CHANNELGROUP-1/CHANNEL-14,create
2026.05.14,MRBTS1012195.xml,1012195,com.nokia.srbts.mnl:CHANNEL,MNL25R2_2503_111,MRBTS-1012195/MNL-1/MNLENT-1/CELLMAPPING-1/LCELL-11/CHANNELGROUP-1/CHANNEL-15,create
2026.05.14,MRBTS1012195.xml,1012195,com.nokia.srbts.mnl:CHANNEL,MNL25R2_2503_111,MRBTS-1012195/MNL-1/MNLENT-1/CELLMAPPING-1/LCELL-11/CHANNELGROUP-1/CHANNEL-16,create
2026.05.14,MRBTS1012195.xml,1012195,com.nokia.srbts.mnl:CHANNEL,MNL25R2_2503_111,MRBTS-1012195/MNL-1/MNLENT-1/CELLMAPPING-1/LCELL-11/CHANNELGROUP-1/CHANNEL-2,create
2026.05.14,MRBTS1012195.xml,1012195,com.nokia.srbts.mnl:CHANNEL,MNL25R2_2503_111,MRBTS-1012195/MNL-1/MNLENT-1/CELLMAPPING-1/LCELL-11/CHANNELGROUP-1/CHANNEL-3,create
2026.05.14,MRBTS1012195.xml,1012195,com.nokia.srbts.mnl:CHANNEL,MNL25R2_2503_111,MRBTS-1012195/MNL-1/MNLENT-1/CELLMAPPING-1/LCELL-11/CHANNELGROUP-1/CHANNEL-4,create
2026.05.14,MRBTS1012195.xml,1012195,com.nokia.srbts.mnl:CHANNEL,MNL25R2_2503_111,MRBTS-1012195/MNL-1/MNLENT-1/CELLMAPPING-1/LCELL-11/CHANNELGROUP-1/CHANNEL-5,create
2026.05.14,MRBTS1012195.xml,1012195,com.nokia.srbts.mnl:CHANNEL,MNL25R2_2503_111,MRBTS-1012195/MNL-1/MNLENT-1/CELLMAPPING-1/LCELL-11/CHANNELGROUP-1/CHANNEL-6,create
2026.05.14,MRBTS1012195.xml,1012195,com.nokia.srbts.mnl:CHANNEL,MNL25R2_2503_111,MRBTS-1012195/MNL-1/MNLENT-1/CELLMAPPING-1/LCELL-11/CHANNELGROUP-1/CHANNEL-7,create
2026.05.14,MRBTS1012195.xml,1012195,com.nokia.srbts.mnl:CHANNEL,MNL25R2_2503_111,MRBTS-1012195/MNL-1/MNLENT-1/CELLMAPPING-1/LCELL-11/CHANNELGROUP-1/CHANNEL-8,create
2026.05.14,MRBTS1012195.xml,1012195,com.nokia.srbts.mnl:CHANNEL,MNL25R2_2503_111,MRBTS-1012195/MNL-1/MNLENT-1/CELLMAPPING-1/LCELL-11/CHANNELGROUP-1/CHANNEL-9,create
2026.05.14,MRBTS1012195.xml,1012195,com.nokia.srbts.mnl:LCELL,MNL25R2_2503_111,MRBTS-1012195/MNL-1/MNLENT-1/CELLMAPPING-1/LCELL-12,create
2026.05.14,MRBTS1012195.xml,1012195,com.nokia.srbts.mnl:CHANNELGROUP,MNL25R2_2503_111,MRBTS-1012195/MNL-1/MNLENT-1/CELLMAPPING-1/LCELL-12/CHANNELGROUP-1,create
2026.05.14,MRBTS1012195.xml,1012195,com.nokia.srbts.mnl:CHANNEL,MNL25R2_2503_111,MRBTS-1012195/MNL-1/MNLENT-1/CELLMAPPING-1/LCELL-12/CHANNELGROUP-1/CHANNEL-1,create
2026.05.14,MRBTS1012195.xml,1012195,com.nokia.srbts.mnl:CHANNEL,MNL25R2_2503_111,MRBTS-1012195/MNL-1/MNLENT-1/CELLMAPPING-1/LCELL-12/CHANNELGROUP-1/CHANNEL-10,create
2026.05.14,MRBTS1012195.xml,1012195,com.nokia.srbts.mnl:CHANNEL,MNL25R2_2503_111,MRBTS-1012195/MNL-1/MNLENT-1/CELLMAPPING-1/LCELL-12/CHANNELGROUP-1/CHANNEL-11,create
2026.05.14,MRBTS1012195.xml,1012195,com.nokia.srbts.mnl:CHANNEL,MNL25R2_2503_111,MRBTS-1012195/MNL-1/MNLENT-1/CELLMAPPING-1/LCELL-12/CHANNELGROUP-1/CHANNEL-12,create
2026.05.14,MRBTS1012195.xml,1012195,com.nokia.srbts.mnl:CHANNEL,MNL25R2_2503_111,MRBTS-1012195/MNL-1/MNLENT-1/CELLMAPPING-1/LCELL-12/CHANNELGROUP-1/CHANNEL-13,create
2026.05.14,MRBTS1012195.xml,1012195,com.nokia.srbts.mnl:CHANNEL,MNL25R2_2503_111,MRBTS-1012195/MNL-1/MNLENT-1/CELLMAPPING-1/LCELL-12/CHANNELGROUP-1/CHANNEL-14,create
2026.05.14,MRBTS1012195.xml,1012195,com.nokia.srbts.mnl:CHANNEL,MNL25R2_2503_111,MRBTS-1012195/MNL-1/MNLENT-1/CELLMAPPING-1/LCELL-12/CHANNELGROUP-1/CHANNEL-15,create
2026.05.14,MRBTS1012195.xml,1012195,com.nokia.srbts.mnl:CHANNEL,MNL25R2_2503_111,MRBTS-1012195/MNL-1/MNLENT-1/CELLMAPPING-1/LCELL-12/CHANNELGROUP-1/CHANNEL-16,create
2026.05.14,MRBTS1012195.xml,1012195,com.nokia.srbts.mnl:CHANNEL,MNL25R2_2503_111,MRBTS-1012195/MNL-1/MNLENT-1/CELLMAPPING-1/LCELL-12/CHANNELGROUP-1/CHANNEL-2,create
2026.05.14,MRBTS1012195.xml,1012195,com.nokia.srbts.mnl:CHANNEL,MNL25R2_2503_111,MRBTS-1012195/MNL-1/MNLENT-1/CELLMAPPING-1/LCELL-12/CHANNELGROUP-1/CHANNEL-3,create
2026.05.14,MRBTS1012195.xml,1012195,com.nokia.srbts.mnl:CHANNEL,MNL25R2_2503_111,MRBTS-1012195/MNL-1/MNLENT-1/CELLMAPPING-1/LCELL-12/CHANNELGROUP-1/CHANNEL-4,create
2026.05.14,MRBTS1012195.xml,1012195,com.nokia.srbts.mnl:CHANNEL,MNL25R2_2503_111,MRBTS-1012195/MNL-1/MNLENT-1/CELLMAPPING-1/LCELL-12/CHANNELGROUP-1/CHANNEL-5,create
2026.05.14,MRBTS1012195.xml,1012195,com.nokia.srbts.mnl:CHANNEL,MNL25R2_2503_111,MRBTS-1012195/MNL-1/MNLENT-1/CELLMAPPING-1/LCELL-12/CHANNELGROUP-1/CHANNEL-6,create
2026.05.14,MRBTS1012195.xml,1012195,com.nokia.srbts.mnl:CHANNEL,MNL25R2_2503_111,MRBTS-1012195/MNL-1/MNLENT-1/CELLMAPPING-1/LCELL-12/CHANNELGROUP-1/CHANNEL-7,create
2026.05.14,MRBTS1012195.xml,1012195,com.nokia.srbts.mnl:CHANNEL,MNL25R2_2503_111,MRBTS-1012195/MNL-1/MNLENT-1/CELLMAPPING-1/LCELL-12/CHANNELGROUP-1/CHANNEL-8,create
2026.05.14,MRBTS1012195.xml,1012195,com.nokia.srbts.mnl:CHANNEL,MNL25R2_2503_111,MRBTS-1012195/MNL-1/MNLENT-1/CELLMAPPING-1/LCELL-12/CHANNELGROUP-1/CHANNEL-9,create
2026.05.14,MRBTS1012195.xml,1012195,com.nokia.srbts.mnl:LCELL,MNL25R2_2503_111,MRBTS-1012195/MNL-1/MNLENT-1/CELLMAPPING-1/LCELL-13,create
2026.05.14,MRBTS1012195.xml,1012195,com.nokia.srbts.mnl:CHANNELGROUP,MNL25R2_2503_111,MRBTS-1012195/MNL-1/MNLENT-1/CELLMAPPING-1/LCELL-13/CHANNELGROUP-1,create
2026.05.14,MRBTS1012195.xml,1012195,com.nokia.srbts.mnl:CHANNEL,MNL25R2_2503_111,MRBTS-1012195/MNL-1/MNLENT-1/CELLMAPPING-1/LCELL-13/CHANNELGROUP-1/CHANNEL-1,create
2026.05.14,MRBTS1012195.xml,1012195,com.nokia.srbts.mnl:CHANNEL,MNL25R2_2503_111,MRBTS-1012195/MNL-1/MNLENT-1/CELLMAPPING-1/LCELL-13/CHANNELGROUP-1/CHANNEL-10,create
2026.05.14,MRBTS1012195.xml,1012195,com.nokia.srbts.mnl:CHANNEL,MNL25R2_2503_111,MRBTS-1012195/MNL-1/MNLENT-1/CELLMAPPING-1/LCELL-13/CHANNELGROUP-1/CHANNEL-11,create
2026.05.14,MRBTS1012195.xml,1012195,com.nokia.srbts.mnl:CHANNEL,MNL25R2_2503_111,MRBTS-1012195/MNL-1/MNLENT-1/CELLMAPPING-1/LCELL-13/CHANNELGROUP-1/CHANNEL-12,create
2026.05.14,MRBTS1012195.xml,1012195,com.nokia.srbts.mnl:CHANNEL,MNL25R2_2503_111,MRBTS-1012195/MNL-1/MNLENT-1/CELLMAPPING-1/LCELL-13/CHANNELGROUP-1/CHANNEL-13,create
2026.05.14,MRBTS1012195.xml,1012195,com.nokia.srbts.mnl:CHANNEL,MNL25R2_2503_111,MRBTS-1012195/MNL-1/MNLENT-1/CELLMAPPING-1/LCELL-13/CHANNELGROUP-1/CHANNEL-14,create
2026.05.14,MRBTS1012195.xml,1012195,com.nokia.srbts.mnl:CHANNEL,MNL25R2_2503_111,MRBTS-1012195/MNL-1/MNLENT-1/CELLMAPPING-1/LCELL-13/CHANNELGROUP-1/CHANNEL-15,create
2026.05.14,MRBTS1012195.xml,1012195,com.nokia.srbts.mnl:CHANNEL,MNL25R2_2503_111,MRBTS-1012195/MNL-1/MNLENT-1/CELLMAPPING-1/LCELL-13/CHANNELGROUP-1/CHANNEL-16,create
2026.05.14,MRBTS1012195.xml,1012195,com.nokia.srbts.mnl:CHANNEL,MNL25R2_2503_111,MRBTS-1012195/MNL-1/MNLENT-1/CELLMAPPING-1/LCELL-13/CHANNELGROUP-1/CHANNEL-2,create
2026.05.14,MRBTS1012195.xml,1012195,com.nokia.srbts.mnl:CHANNEL,MNL25R2_2503_111,MRBTS-1012195/MNL-1/MNLENT-1/CELLMAPPING-1/LCELL-13/CHANNELGROUP-1/CHANNEL-3,create
2026.05.14,MRBTS1012195.xml,1012195,com.nokia.srbts.mnl:CHANNEL,MNL25R2_2503_111,MRBTS-1012195/MNL-1/MNLENT-1/CELLMAPPING-1/LCELL-13/CHANNELGROUP-1/CHANNEL-4,create
2026.05.14,MRBTS1012195.xml,1012195,com.nokia.srbts.mnl:CHANNEL,MNL25R2_2503_111,MRBTS-1012195/MNL-1/MNLENT-1/CELLMAPPING-1/LCELL-13/CHANNELGROUP-1/CHANNEL-5,create
2026.05.14,MRBTS1012195.xml,1012195,com.nokia.srbts.mnl:CHANNEL,MNL25R2_2503_111,MRBTS-1012195/MNL-1/MNLENT-1/CELLMAPPING-1/LCELL-13/CHANNELGROUP-1/CHANNEL-6,create
2026.05.14,MRBTS1012195.xml,1012195,com.nokia.srbts.mnl:CHANNEL,MNL25R2_2503_111,MRBTS-1012195/MNL-1/MNLENT-1/CELLMAPPING-1/LCELL-13/CHANNELGROUP-1/CHANNEL-7,create
2026.05.14,MRBTS1012195.xml,1012195,com.nokia.srbts.mnl:CHANNEL,MNL25R2_2503_111,MRBTS-1012195/MNL-1/MNLENT-1/CELLMAPPING-1/LCELL-13/CHANNELGROUP-1/CHANNEL-8,create
2026.05.14,MRBTS1012195.xml,1012195,com.nokia.srbts.mnl:CHANNEL,MNL25R2_2503_111,MRBTS-1012195/MNL-1/MNLENT-1/CELLMAPPING-1/LCELL-13/CHANNELGROUP-1/CHANNEL-9,create
2026.05.14,MRBTS1012195.xml,1012195,com.nokia.srbts.mnl:LCELL,MNL25R2_2503_111,MRBTS-1012195/MNL-1/MNLENT-1/CELLMAPPING-1/LCELL-21,create
2026.05.14,MRBTS1012195.xml,1012195,com.nokia.srbts.mnl:CHANNELGROUP,MNL25R2_2503_111,MRBTS-1012195/MNL-1/MNLENT-1/CELLMAPPING-1/LCELL-21/CHANNELGROUP-1,create
2026.05.14,MRBTS1012195.xml,1012195,com.nokia.srbts.mnl:CHANNEL,MNL25R2_2503_111,MRBTS-1012195/MNL-1/MNLENT-1/CELLMAPPING-1/LCELL-21/CHANNELGROUP-1/CHANNEL-1,create
2026.05.14,MRBTS1012195.xml,1012195,com.nokia.srbts.mnl:CHANNEL,MNL25R2_2503_111,MRBTS-1012195/MNL-1/MNLENT-1/CELLMAPPING-1/LCELL-21/CHANNELGROUP-1/CHANNEL-10,create
2026.05.14,MRBTS1012195.xml,1012195,com.nokia.srbts.mnl:CHANNEL,MNL25R2_2503_111,MRBTS-1012195/MNL-1/MNLENT-1/CELLMAPPING-1/LCELL-21/CHANNELGROUP-1/CHANNEL-11,create
2026.05.14,MRBTS1012195.xml,1012195,com.nokia.srbts.mnl:CHANNEL,MNL25R2_2503_111,MRBTS-1012195/MNL-1/MNLENT-1/CELLMAPPING-1/LCELL-21/CHANNELGROUP-1/CHANNEL-12,create
2026.05.14,MRBTS1012195.xml,1012195,com.nokia.srbts.mnl:CHANNEL,MNL25R2_2503_111,MRBTS-1012195/MNL-1/MNLENT-1/CELLMAPPING-1/LCELL-21/CHANNELGROUP-1/CHANNEL-13,create
2026.05.14,MRBTS1012195.xml,1012195,com.nokia.srbts.mnl:CHANNEL,MNL25R2_2503_111,MRBTS-1012195/MNL-1/MNLENT-1/CELLMAPPING-1/LCELL-21/CHANNELGROUP-1/CHANNEL-14,create
2026.05.14,MRBTS1012195.xml,1012195,com.nokia.srbts.mnl:CHANNEL,MNL25R2_2503_111,MRBTS-1012195/MNL-1/MNLENT-1/CELLMAPPING-1/LCELL-21/CHANNELGROUP-1/CHANNEL-15,create
2026.05.14,MRBTS1012195.xml,1012195,com.nokia.srbts.mnl:CHANNEL,MNL25R2_2503_111,MRBTS-1012195/MNL-1/MNLENT-1/CELLMAPPING-1/LCELL-21/CHANNELGROUP-1/CHANNEL-16,create
2026.05.14,MRBTS1012195.xml,1012195,com.nokia.srbts.mnl:CHANNEL,MNL25R2_2503_111,MRBTS-1012195/MNL-1/MNLENT-1/CELLMAPPING-1/LCELL-21/CHANNELGROUP-1/CHANNEL-2,create
2026.05.14,MRBTS1012195.xml,1012195,com.nokia.srbts.mnl:CHANNEL,MNL25R2_2503_111,MRBTS-1012195/MNL-1/MNLENT-1/CELLMAPPING-1/LCELL-21/CHANNELGROUP-1/CHANNEL-3,create
2026.05.14,MRBTS1012195.xml,1012195,com.nokia.srbts.mnl:CHANNEL,MNL25R2_2503_111,MRBTS-1012195/MNL-1/MNLENT-1/CELLMAPPING-1/LCELL-21/CHANNELGROUP-1/CHANNEL-4,create
2026.05.14,MRBTS1012195.xml,1012195,com.nokia.srbts.mnl:CHANNEL,MNL25R2_2503_111,MRBTS-1012195/MNL-1/MNLENT-1/CELLMAPPING-1/LCELL-21/CHANNELGROUP-1/CHANNEL-5,create
2026.05.14,MRBTS1012195.xml,1012195,com.nokia.srbts.mnl:CHANNEL,MNL25R2_2503_111,MRBTS-1012195/MNL-1/MNLENT-1/CELLMAPPING-1/LCELL-21/CHANNELGROUP-1/CHANNEL-6,create
2026.05.14,MRBTS1012195.xml,1012195,com.nokia.srbts.mnl:CHANNEL,MNL25R2_2503_111,MRBTS-1012195/MNL-1/MNLENT-1/CELLMAPPING-1/LCELL-21/CHANNELGROUP-1/CHANNEL-7,create
2026.05.14,MRBTS1012195.xml,1012195,com.nokia.srbts.mnl:CHANNEL,MNL25R2_2503_111,MRBTS-1012195/MNL-1/MNLENT-1/CELLMAPPING-1/LCELL-21/CHANNELGROUP-1/CHANNEL-8,create
2026.05.14,MRBTS1012195.xml,1012195,com.nokia.srbts.mnl:CHANNEL,MNL25R2_2503_111,MRBTS-1012195/MNL-1/MNLENT-1/CELLMAPPING-1/LCELL-21/CHANNELGROUP-1/CHANNEL-9,create
2026.05.14,MRBTS1012195.xml,1012195,com.nokia.srbts.mnl:LCELL,MNL25R2_2503_111,MRBTS-1012195/MNL-1/MNLENT-1/CELLMAPPING-1/LCELL-22,create
2026.05.14,MRBTS1012195.xml,1012195,com.nokia.srbts.mnl:CHANNELGROUP,MNL25R2_2503_111,MRBTS-1012195/MNL-1/MNLENT-1/CELLMAPPING-1/LCELL-22/CHANNELGROUP-1,create
2026.05.14,MRBTS1012195.xml,1012195,com.nokia.srbts.mnl:CHANNEL,MNL25R2_2503_111,MRBTS-1012195/MNL-1/MNLENT-1/CELLMAPPING-1/LCELL-22/CHANNELGROUP-1/CHANNEL-1,create
2026.05.14,MRBTS1012195.xml,1012195,com.nokia.srbts.mnl:CHANNEL,MNL25R2_2503_111,MRBTS-1012195/MNL-1/MNLENT-1/CELLMAPPING-1/LCELL-22/CHANNELGROUP-1/CHANNEL-10,create
2026.05.14,MRBTS1012195.xml,1012195,com.nokia.srbts.mnl:CHANNEL,MNL25R2_2503_111,MRBTS-1012195/MNL-1/MNLENT-1/CELLMAPPING-1/LCELL-22/CHANNELGROUP-1/CHANNEL-11,create
2026.05.14,MRBTS1012195.xml,1012195,com.nokia.srbts.mnl:CHANNEL,MNL25R2_2503_111,MRBTS-1012195/MNL-1/MNLENT-1/CELLMAPPING-1/LCELL-22/CHANNELGROUP-1/CHANNEL-12,create
2026.05.14,MRBTS1012195.xml,1012195,com.nokia.srbts.mnl:CHANNEL,MNL25R2_2503_111,MRBTS-1012195/MNL-1/MNLENT-1/CELLMAPPING-1/LCELL-22/CHANNELGROUP-1/CHANNEL-13,create
2026.05.14,MRBTS1012195.xml,1012195,com.nokia.srbts.mnl:CHANNEL,MNL25R2_2503_111,MRBTS-1012195/MNL-1/MNLENT-1/CELLMAPPING-1/LCELL-22/CHANNELGROUP-1/CHANNEL-14,create
2026.05.14,MRBTS1012195.xml,1012195,com.nokia.srbts.mnl:CHANNEL,MNL25R2_2503_111,MRBTS-1012195/MNL-1/MNLENT-1/CELLMAPPING-1/LCELL-22/CHANNELGROUP-1/CHANNEL-15,create
2026.05.14,MRBTS1012195.xml,1012195,com.nokia.srbts.mnl:CHANNEL,MNL25R2_2503_111,MRBTS-1012195/MNL-1/MNLENT-1/CELLMAPPING-1/LCELL-22/CHANNELGROUP-1/CHANNEL-16,create
2026.05.14,MRBTS1012195.xml,1012195,com.nokia.srbts.mnl:CHANNEL,MNL25R2_2503_111,MRBTS-1012195/MNL-1/MNLENT-1/CELLMAPPING-1/LCELL-22/CHANNELGROUP-1/CHANNEL-2,create
2026.05.14,MRBTS1012195.xml,1012195,com.nokia.srbts.mnl:CHANNEL,MNL25R2_2503_111,MRBTS-1012195/MNL-1/MNLENT-1/CELLMAPPING-1/LCELL-22/CHANNELGROUP-1/CHANNEL-3,create
2026.05.14,MRBTS1012195.xml,1012195,com.nokia.srbts.mnl:CHANNEL,MNL25R2_2503_111,MRBTS-1012195/MNL-1/MNLENT-1/CELLMAPPING-1/LCELL-22/CHANNELGROUP-1/CHANNEL-4,create
2026.05.14,MRBTS1012195.xml,1012195,com.nokia.srbts.mnl:CHANNEL,MNL25R2_2503_111,MRBTS-1012195/MNL-1/MNLENT-1/CELLMAPPING-1/LCELL-22/CHANNELGROUP-1/CHANNEL-5,create
2026.05.14,MRBTS1012195.xml,1012195,com.nokia.srbts.mnl:CHANNEL,MNL25R2_2503_111,MRBTS-1012195/MNL-1/MNLENT-1/CELLMAPPING-1/LCELL-22/CHANNELGROUP-1/CHANNEL-6,create
2026.05.14,MRBTS1012195.xml,1012195,com.nokia.srbts.mnl:CHANNEL,MNL25R2_2503_111,MRBTS-1012195/MNL-1/MNLENT-1/CELLMAPPING-1/LCELL-22/CHANNELGROUP-1/CHANNEL-7,create
2026.05.14,MRBTS1012195.xml,1012195,com.nokia.srbts.mnl:CHANNEL,MNL25R2_2503_111,MRBTS-1012195/MNL-1/MNLENT-1/CELLMAPPING-1/LCELL-22/CHANNELGROUP-1/CHANNEL-8,create
2026.05.14,MRBTS1012195.xml,1012195,com.nokia.srbts.mnl:CHANNEL,MNL25R2_2503_111,MRBTS-1012195/MNL-1/MNLENT-1/CELLMAPPING-1/LCELL-22/CHANNELGROUP-1/CHANNEL-9,create
2026.05.14,MRBTS1012195.xml,1012195,com.nokia.srbts.mnl:LCELL,MNL25R2_2503_111,MRBTS-1012195/MNL-1/MNLENT-1/CELLMAPPING-1/LCELL-23,create
2026.05.14,MRBTS1012195.xml,1012195,com.nokia.srbts.mnl:CHANNELGROUP,MNL25R2_2503_111,MRBTS-1012195/MNL-1/MNLENT-1/CELLMAPPING-1/LCELL-23/CHANNELGROUP-1,create
2026.05.14,MRBTS1012195.xml,1012195,com.nokia.srbts.mnl:CHANNEL,MNL25R2_2503_111,MRBTS-1012195/MNL-1/MNLENT-1/CELLMAPPING-1/LCELL-23/CHANNELGROUP-1/CHANNEL-1,create
2026.05.14,MRBTS1012195.xml,1012195,com.nokia.srbts.mnl:CHANNEL,MNL25R2_2503_111,MRBTS-1012195/MNL-1/MNLENT-1/CELLMAPPING-1/LCELL-23/CHANNELGROUP-1/CHANNEL-10,create
2026.05.14,MRBTS1012195.xml,1012195,com.nokia.srbts.mnl:CHANNEL,MNL25R2_2503_111,MRBTS-1012195/MNL-1/MNLENT-1/CELLMAPPING-1/LCELL-23/CHANNELGROUP-1/CHANNEL-11,create
2026.05.14,MRBTS1012195.xml,1012195,com.nokia.srbts.mnl:CHANNEL,MNL25R2_2503_111,MRBTS-1012195/MNL-1/MNLENT-1/CELLMAPPING-1/LCELL-23/CHANNELGROUP-1/CHANNEL-12,create
2026.05.14,MRBTS1012195.xml,1012195,com.nokia.srbts.mnl:CHANNEL,MNL25R2_2503_111,MRBTS-1012195/MNL-1/MNLENT-1/CELLMAPPING-1/LCELL-23/CHANNELGROUP-1/CHANNEL-13,create
2026.05.14,MRBTS1012195.xml,1012195,com.nokia.srbts.mnl:CHANNEL,MNL25R2_2503_111,MRBTS-1012195/MNL-1/MNLENT-1/CELLMAPPING-1/LCELL-23/CHANNELGROUP-1/CHANNEL-14,create
2026.05.14,MRBTS1012195.xml,1012195,com.nokia.srbts.mnl:CHANNEL,MNL25R2_2503_111,MRBTS-1012195/MNL-1/MNLENT-1/CELLMAPPING-1/LCELL-23/CHANNELGROUP-1/CHANNEL-15,create
2026.05.14,MRBTS1012195.xml,1012195,com.nokia.srbts.mnl:CHANNEL,MNL25R2_2503_111,MRBTS-1012195/MNL-1/MNLENT-1/CELLMAPPING-1/LCELL-23/CHANNELGROUP-1/CHANNEL-16,create
2026.05.14,MRBTS1012195.xml,1012195,com.nokia.srbts.mnl:CHANNEL,MNL25R2_2503_111,MRBTS-1012195/MNL-1/MNLENT-1/CELLMAPPING-1/LCELL-23/CHANNELGROUP-1/CHANNEL-2,create
2026.05.14,MRBTS1012195.xml,1012195,com.nokia.srbts.mnl:CHANNEL,MNL25R2_2503_111,MRBTS-1012195/MNL-1/MNLENT-1/CELLMAPPING-1/LCELL-23/CHANNELGROUP-1/CHANNEL-3,create
2026.05.14,MRBTS1012195.xml,1012195,com.nokia.srbts.mnl:CHANNEL,MNL25R2_2503_111,MRBTS-1012195/MNL-1/MNLENT-1/CELLMAPPING-1/LCELL-23/CHANNELGROUP-1/CHANNEL-4,create
2026.05.14,MRBTS1012195.xml,1012195,com.nokia.srbts.mnl:CHANNEL,MNL25R2_2503_111,MRBTS-1012195/MNL-1/MNLENT-1/CELLMAPPING-1/LCELL-23/CHANNELGROUP-1/CHANNEL-5,create
2026.05.14,MRBTS1012195.xml,1012195,com.nokia.srbts.mnl:CHANNEL,MNL25R2_2503_111,MRBTS-1012195/MNL-1/MNLENT-1/CELLMAPPING-1/LCELL-23/CHANNELGROUP-1/CHANNEL-6,create
2026.05.14,MRBTS1012195.xml,1012195,com.nokia.srbts.mnl:CHANNEL,MNL25R2_2503_111,MRBTS-1012195/MNL-1/MNLENT-1/CELLMAPPING-1/LCELL-23/CHANNELGROUP-1/CHANNEL-7,create
2026.05.14,MRBTS1012195.xml,1012195,com.nokia.srbts.mnl:CHANNEL,MNL25R2_2503_111,MRBTS-1012195/MNL-1/MNLENT-1/CELLMAPPING-1/LCELL-23/CHANNELGROUP-1/CHANNEL-8,create
2026.05.14,MRBTS1012195.xml,1012195,com.nokia.srbts.mnl:CHANNEL,MNL25R2_2503_111,MRBTS-1012195/MNL-1/MNLENT-1/CELLMAPPING-1/LCELL-23/CHANNELGROUP-1/CHANNEL-9,create
2026.05.14,MRBTS1012195.xml,1012195,com.nokia.srbts.mnl:LCELNR,MNL25R2_2503_111,MRBTS-1012195/MNL-1/MNLENT-1/CELLMAPPING-1/LCELNR-11,create
2026.05.14,MRBTS1012195.xml,1012195,com.nokia.srbts.mnl:CHANNELGROUP,MNL25R2_2503_111,MRBTS-1012195/MNL-1/MNLENT-1/CELLMAPPING-1/LCELNR-11/CHANNELGROUP-1,create
2026.05.14,MRBTS1012195.xml,1012195,com.nokia.srbts.mnl:CHANNEL,MNL25R2_2503_111,MRBTS-1012195/MNL-1/MNLENT-1/CELLMAPPING-1/LCELNR-11/CHANNELGROUP-1/CHANNEL-1,create
2026.05.14,MRBTS1012195.xml,1012195,com.nokia.srbts.mnl:CHANNEL,MNL25R2_2503_111,MRBTS-1012195/MNL-1/MNLENT-1/CELLMAPPING-1/LCELNR-11/CHANNELGROUP-1/CHANNEL-10,create
2026.05.14,MRBTS1012195.xml,1012195,com.nokia.srbts.mnl:CHANNEL,MNL25R2_2503_111,MRBTS-1012195/MNL-1/MNLENT-1/CELLMAPPING-1/LCELNR-11/CHANNELGROUP-1/CHANNEL-11,create
2026.05.14,MRBTS1012195.xml,1012195,com.nokia.srbts.mnl:CHANNEL,MNL25R2_2503_111,MRBTS-1012195/MNL-1/MNLENT-1/CELLMAPPING-1/LCELNR-11/CHANNELGROUP-1/CHANNEL-12,create
2026.05.14,MRBTS1012195.xml,1012195,com.nokia.srbts.mnl:CHANNEL,MNL25R2_2503_111,MRBTS-1012195/MNL-1/MNLENT-1/CELLMAPPING-1/LCELNR-11/CHANNELGROUP-1/CHANNEL-13,create
2026.05.14,MRBTS1012195.xml,1012195,com.nokia.srbts.mnl:CHANNEL,MNL25R2_2503_111,MRBTS-1012195/MNL-1/MNLENT-1/CELLMAPPING-1/LCELNR-11/CHANNELGROUP-1/CHANNEL-14,create
2026.05.14,MRBTS1012195.xml,1012195,com.nokia.srbts.mnl:CHANNEL,MNL25R2_2503_111,MRBTS-1012195/MNL-1/MNLENT-1/CELLMAPPING-1/LCELNR-11/CHANNELGROUP-1/CHANNEL-15,create
2026.05.14,MRBTS1012195.xml,1012195,com.nokia.srbts.mnl:CHANNEL,MNL25R2_2503_111,MRBTS-1012195/MNL-1/MNLENT-1/CELLMAPPING-1/LCELNR-11/CHANNELGROUP-1/CHANNEL-16,create
2026.05.14,MRBTS1012195.xml,1012195,com.nokia.srbts.mnl:CHANNEL,MNL25R2_2503_111,MRBTS-1012195/MNL-1/MNLENT-1/CELLMAPPING-1/LCELNR-11/CHANNELGROUP-1/CHANNEL-2,create
2026.05.14,MRBTS1012195.xml,1012195,com.nokia.srbts.mnl:CHANNEL,MNL25R2_2503_111,MRBTS-1012195/MNL-1/MNLENT-1/CELLMAPPING-1/LCELNR-11/CHANNELGROUP-1/CHANNEL-3,create
2026.05.14,MRBTS1012195.xml,1012195,com.nokia.srbts.mnl:CHANNEL,MNL25R2_2503_111,MRBTS-1012195/MNL-1/MNLENT-1/CELLMAPPING-1/LCELNR-11/CHANNELGROUP-1/CHANNEL-4,create
2026.05.14,MRBTS1012195.xml,1012195,com.nokia.srbts.mnl:CHANNEL,MNL25R2_2503_111,MRBTS-1012195/MNL-1/MNLENT-1/CELLMAPPING-1/LCELNR-11/CHANNELGROUP-1/CHANNEL-5,create
2026.05.14,MRBTS1012195.xml,1012195,com.nokia.srbts.mnl:CHANNEL,MNL25R2_2503_111,MRBTS-1012195/MNL-1/MNLENT-1/CELLMAPPING-1/LCELNR-11/CHANNELGROUP-1/CHANNEL-6,create
2026.05.14,MRBTS1012195.xml,1012195,com.nokia.srbts.mnl:CHANNEL,MNL25R2_2503_111,MRBTS-1012195/MNL-1/MNLENT-1/CELLMAPPING-1/LCELNR-11/CHANNELGROUP-1/CHANNEL-7,create
2026.05.14,MRBTS1012195.xml,1012195,com.nokia.srbts.mnl:CHANNEL,MNL25R2_2503_111,MRBTS-1012195/MNL-1/MNLENT-1/CELLMAPPING-1/LCELNR-11/CHANNELGROUP-1/CHANNEL-8,create
2026.05.14,MRBTS1012195.xml,1012195,com.nokia.srbts.mnl:CHANNEL,MNL25R2_2503_111,MRBTS-1012195/MNL-1/MNLENT-1/CELLMAPPING-1/LCELNR-11/CHANNELGROUP-1/CHANNEL-9,create
2026.05.14,MRBTS1012195.xml,1012195,com.nokia.srbts.mnl:LCELNR,MNL25R2_2503_111,MRBTS-1012195/MNL-1/MNLENT-1/CELLMAPPING-1/LCELNR-12,create
2026.05.14,MRBTS1012195.xml,1012195,com.nokia.srbts.mnl:CHANNELGROUP,MNL25R2_2503_111,MRBTS-1012195/MNL-1/MNLENT-1/CELLMAPPING-1/LCELNR-12/CHANNELGROUP-1,create
2026.05.14,MRBTS1012195.xml,1012195,com.nokia.srbts.mnl:CHANNEL,MNL25R2_2503_111,MRBTS-1012195/MNL-1/MNLENT-1/CELLMAPPING-1/LCELNR-12/CHANNELGROUP-1/CHANNEL-1,create
2026.05.14,MRBTS1012195.xml,1012195,com.nokia.srbts.mnl:CHANNEL,MNL25R2_2503_111,MRBTS-1012195/MNL-1/MNLENT-1/CELLMAPPING-1/LCELNR-12/CHANNELGROUP-1/CHANNEL-10,create
2026.05.14,MRBTS1012195.xml,1012195,com.nokia.srbts.mnl:CHANNEL,MNL25R2_2503_111,MRBTS-1012195/MNL-1/MNLENT-1/CELLMAPPING-1/LCELNR-12/CHANNELGROUP-1/CHANNEL-11,create
2026.05.14,MRBTS1012195.xml,1012195,com.nokia.srbts.mnl:CHANNEL,MNL25R2_2503_111,MRBTS-1012195/MNL-1/MNLENT-1/CELLMAPPING-1/LCELNR-12/CHANNELGROUP-1/CHANNEL-12,create
2026.05.14,MRBTS1012195.xml,1012195,com.nokia.srbts.mnl:CHANNEL,MNL25R2_2503_111,MRBTS-1012195/MNL-1/MNLENT-1/CELLMAPPING-1/LCELNR-12/CHANNELGROUP-1/CHANNEL-13,create
2026.05.14,MRBTS1012195.xml,1012195,com.nokia.srbts.mnl:CHANNEL,MNL25R2_2503_111,MRBTS-1012195/MNL-1/MNLENT-1/CELLMAPPING-1/LCELNR-12/CHANNELGROUP-1/CHANNEL-14,create
2026.05.14,MRBTS1012195.xml,1012195,com.nokia.srbts.mnl:CHANNEL,MNL25R2_2503_111,MRBTS-1012195/MNL-1/MNLENT-1/CELLMAPPING-1/LCELNR-12/CHANNELGROUP-1/CHANNEL-15,create
2026.05.14,MRBTS1012195.xml,1012195,com.nokia.srbts.mnl:CHANNEL,MNL25R2_2503_111,MRBTS-1012195/MNL-1/MNLENT-1/CELLMAPPING-1/LCELNR-12/CHANNELGROUP-1/CHANNEL-16,create
2026.05.14,MRBTS1012195.xml,1012195,com.nokia.srbts.mnl:CHANNEL,MNL25R2_2503_111,MRBTS-1012195/MNL-1/MNLENT-1/CELLMAPPING-1/LCELNR-12/CHANNELGROUP-1/CHANNEL-2,create
2026.05.14,MRBTS1012195.xml,1012195,com.nokia.srbts.mnl:CHANNEL,MNL25R2_2503_111,MRBTS-1012195/MNL-1/MNLENT-1/CELLMAPPING-1/LCELNR-12/CHANNELGROUP-1/CHANNEL-3,create
2026.05.14,MRBTS1012195.xml,1012195,com.nokia.srbts.mnl:CHANNEL,MNL25R2_2503_111,MRBTS-1012195/MNL-1/MNLENT-1/CELLMAPPING-1/LCELNR-12/CHANNELGROUP-1/CHANNEL-4,create
2026.05.14,MRBTS1012195.xml,1012195,com.nokia.srbts.mnl:CHANNEL,MNL25R2_2503_111,MRBTS-1012195/MNL-1/MNLENT-1/CELLMAPPING-1/LCELNR-12/CHANNELGROUP-1/CHANNEL-5,create
2026.05.14,MRBTS1012195.xml,1012195,com.nokia.srbts.mnl:CHANNEL,MNL25R2_2503_111,MRBTS-1012195/MNL-1/MNLENT-1/CELLMAPPING-1/LCELNR-12/CHANNELGROUP-1/CHANNEL-6,create
2026.05.14,MRBTS1012195.xml,1012195,com.nokia.srbts.mnl:CHANNEL,MNL25R2_2503_111,MRBTS-1012195/MNL-1/MNLENT-1/CELLMAPPING-1/LCELNR-12/CHANNELGROUP-1/CHANNEL-7,create
2026.05.14,MRBTS1012195.xml,1012195,com.nokia.srbts.mnl:CHANNEL,MNL25R2_2503_111,MRBTS-1012195/MNL-1/MNLENT-1/CELLMAPPING-1/LCELNR-12/CHANNELGROUP-1/CHANNEL-8,create
2026.05.14,MRBTS1012195.xml,1012195,com.nokia.srbts.mnl:CHANNEL,MNL25R2_2503_111,MRBTS-1012195/MNL-1/MNLENT-1/CELLMAPPING-1/LCELNR-12/CHANNELGROUP-1/CHANNEL-9,create
2026.05.14,MRBTS1012195.xml,1012195,com.nokia.srbts.mnl:LCELNR,MNL25R2_2503_111,MRBTS-1012195/MNL-1/MNLENT-1/CELLMAPPING-1/LCELNR-13,create
2026.05.14,MRBTS1012195.xml,1012195,com.nokia.srbts.mnl:CHANNELGROUP,MNL25R2_2503_111,MRBTS-1012195/MNL-1/MNLENT-1/CELLMAPPING-1/LCELNR-13/CHANNELGROUP-1,create
2026.05.14,MRBTS1012195.xml,1012195,com.nokia.srbts.mnl:CHANNEL,MNL25R2_2503_111,MRBTS-1012195/MNL-1/MNLENT-1/CELLMAPPING-1/LCELNR-13/CHANNELGROUP-1/CHANNEL-1,create
2026.05.14,MRBTS1012195.xml,1012195,com.nokia.srbts.mnl:CHANNEL,MNL25R2_2503_111,MRBTS-1012195/MNL-1/MNLENT-1/CELLMAPPING-1/LCELNR-13/CHANNELGROUP-1/CHANNEL-10,create
2026.05.14,MRBTS1012195.xml,1012195,com.nokia.srbts.mnl:CHANNEL,MNL25R2_2503_111,MRBTS-1012195/MNL-1/MNLENT-1/CELLMAPPING-1/LCELNR-13/CHANNELGROUP-1/CHANNEL-11,create
2026.05.14,MRBTS1012195.xml,1012195,com.nokia.srbts.mnl:CHANNEL,MNL25R2_2503_111,MRBTS-1012195/MNL-1/MNLENT-1/CELLMAPPING-1/LCELNR-13/CHANNELGROUP-1/CHANNEL-12,create
2026.05.14,MRBTS1012195.xml,1012195,com.nokia.srbts.mnl:CHANNEL,MNL25R2_2503_111,MRBTS-1012195/MNL-1/MNLENT-1/CELLMAPPING-1/LCELNR-13/CHANNELGROUP-1/CHANNEL-13,create
2026.05.14,MRBTS1012195.xml,1012195,com.nokia.srbts.mnl:CHANNEL,MNL25R2_2503_111,MRBTS-1012195/MNL-1/MNLENT-1/CELLMAPPING-1/LCELNR-13/CHANNELGROUP-1/CHANNEL-14,create
2026.05.14,MRBTS1012195.xml,1012195,com.nokia.srbts.mnl:CHANNEL,MNL25R2_2503_111,MRBTS-1012195/MNL-1/MNLENT-1/CELLMAPPING-1/LCELNR-13/CHANNELGROUP-1/CHANNEL-15,create
2026.05.14,MRBTS1012195.xml,1012195,com.nokia.srbts.mnl:CHANNEL,MNL25R2_2503_111,MRBTS-1012195/MNL-1/MNLENT-1/CELLMAPPING-1/LCELNR-13/CHANNELGROUP-1/CHANNEL-16,create
2026.05.14,MRBTS1012195.xml,1012195,com.nokia.srbts.mnl:CHANNEL,MNL25R2_2503_111,MRBTS-1012195/MNL-1/MNLENT-1/CELLMAPPING-1/LCELNR-13/CHANNELGROUP-1/CHANNEL-2,create
2026.05.14,MRBTS1012195.xml,1012195,com.nokia.srbts.mnl:CHANNEL,MNL25R2_2503_111,MRBTS-1012195/MNL-1/MNLENT-1/CELLMAPPING-1/LCELNR-13/CHANNELGROUP-1/CHANNEL-3,create
2026.05.14,MRBTS1012195.xml,1012195,com.nokia.srbts.mnl:CHANNEL,MNL25R2_2503_111,MRBTS-1012195/MNL-1/MNLENT-1/CELLMAPPING-1/LCELNR-13/CHANNELGROUP-1/CHANNEL-4,create
2026.05.14,MRBTS1012195.xml,1012195,com.nokia.srbts.mnl:CHANNEL,MNL25R2_2503_111,MRBTS-1012195/MNL-1/MNLENT-1/CELLMAPPING-1/LCELNR-13/CHANNELGROUP-1/CHANNEL-5,create
2026.05.14,MRBTS1012195.xml,1012195,com.nokia.srbts.mnl:CHANNEL,MNL25R2_2503_111,MRBTS-1012195/MNL-1/MNLENT-1/CELLMAPPING-1/LCELNR-13/CHANNELGROUP-1/CHANNEL-6,create
2026.05.14,MRBTS1012195.xml,1012195,com.nokia.srbts.mnl:CHANNEL,MNL25R2_2503_111,MRBTS-1012195/MNL-1/MNLENT-1/CELLMAPPING-1/LCELNR-13/CHANNELGROUP-1/CHANNEL-7,create
2026.05.14,MRBTS1012195.xml,1012195,com.nokia.srbts.mnl:CHANNEL,MNL25R2_2503_111,MRBTS-1012195/MNL-1/MNLENT-1/CELLMAPPING-1/LCELNR-13/CHANNELGROUP-1/CHANNEL-8,create
2026.05.14,MRBTS1012195.xml,1012195,com.nokia.srbts.mnl:CHANNEL,MNL25R2_2503_111,MRBTS-1012195/MNL-1/MNLENT-1/CELLMAPPING-1/LCELNR-13/CHANNELGROUP-1/CHANNEL-9,create
2026.05.14,MRBTS1012195.xml,1012195,com.nokia.srbts.mnl:CERTHENT,MNL25R2_2503_111,MRBTS-1012195/MNL-1/MNLENT-1/CERTHENT-1,create
2026.05.14,MRBTS1012195.xml,1012195,com.nokia.srbts.mnl:CACERT_R,MNL25R2_2503_111,MRBTS-1012195/MNL-1/MNLENT-1/CERTHENT-1/CACERT_R-1,create
2026.05.14,MRBTS1012195.xml,1012195,com.nokia.srbts.mnl:CACERT_R,MNL25R2_2503_111,MRBTS-1012195/MNL-1/MNLENT-1/CERTHENT-1/CACERT_R-2,create
2026.05.14,MRBTS1012195.xml,1012195,com.nokia.srbts.mnl:CACERT_R,MNL25R2_2503_111,MRBTS-1012195/MNL-1/MNLENT-1/CERTHENT-1/CACERT_R-3,create
2026.05.14,MRBTS1012195.xml,1012195,com.nokia.srbts.mnl:CACERT_R,MNL25R2_2503_111,MRBTS-1012195/MNL-1/MNLENT-1/CERTHENT-1/CACERT_R-4,create
2026.05.14,MRBTS1012195.xml,1012195,com.nokia.srbts.mnl:CACERT_R,MNL25R2_2503_111,MRBTS-1012195/MNL-1/MNLENT-1/CERTHENT-1/CACERT_R-5,create
2026.05.14,MRBTS1012195.xml,1012195,com.nokia.srbts.mnl:CACERT_R,MNL25R2_2503_111,MRBTS-1012195/MNL-1/MNLENT-1/CERTHENT-1/CACERT_R-6,create
2026.05.14,MRBTS1012195.xml,1012195,com.nokia.srbts.mnl:CMPECDSA_R,MNL25R2_2503_111,MRBTS-1012195/MNL-1/MNLENT-1/CERTHENT-1/CMPECDSA_R-1,create
2026.05.14,MRBTS1012195.xml,1012195,com.nokia.srbts.mnl:CMP_R,MNL25R2_2503_111,MRBTS-1012195/MNL-1/MNLENT-1/CERTHENT-1/CMP_R-1,create
2026.05.14,MRBTS1012195.xml,1012195,com.nokia.srbts.mnl:CRLH_R,MNL25R2_2503_111,MRBTS-1012195/MNL-1/MNLENT-1/CERTHENT-1/CRLH_R-1,create
2026.05.14,MRBTS1012195.xml,1012195,com.nokia.srbts.mnl:NECERT_R,MNL25R2_2503_111,MRBTS-1012195/MNL-1/MNLENT-1/CERTHENT-1/NECERT_R-1,create
2026.05.14,MRBTS1012195.xml,1012195,com.nokia.srbts.mnl:NECERT_R,MNL25R2_2503_111,MRBTS-1012195/MNL-1/MNLENT-1/CERTHENT-1/NECERT_R-2,create
2026.05.14,MRBTS1012195.xml,1012195,com.nokia.srbts.mnl:CUPLANEFHNW,MNL25R2_2503_111,MRBTS-1012195/MNL-1/MNLENT-1/CUPLANEFHNW-1,create
2026.05.14,MRBTS1012195.xml,1012195,com.nokia.srbts.mnl:FEATCADM,MNL25R2_2503_111,MRBTS-1012195/MNL-1/MNLENT-1/FEATCADM-1,create
2026.05.14,MRBTS1012195.xml,1012195,com.nokia.srbts.mnl:FEATLADM,MNL25R2_2503_111,MRBTS-1012195/MNL-1/MNLENT-1/FEATCADM-1/FEATLADM-1,create
2026.05.14,MRBTS1012195.xml,1012195,com.nokia.srbts.mnl:FMCADM,MNL25R2_2503_111,MRBTS-1012195/MNL-1/MNLENT-1/FMCADM-1,create
2026.05.14,MRBTS1012195.xml,1012195,com.nokia.srbts.mnl:ALARMSUPP,MNL25R2_2503_111,MRBTS-1012195/MNL-1/MNLENT-1/FMCADM-1/ALARMSUPP-1,create
2026.05.14,MRBTS1012195.xml,1012195,com.nokia.srbts.mnl:MPLANENW,MNL25R2_2503_111,MRBTS-1012195/MNL-1/MNLENT-1/MPLANENW-1,create
2026.05.14,MRBTS1012195.xml,1012195,com.nokia.srbts.mnl:MPLANENW_R,MNL25R2_2503_111,MRBTS-1012195/MNL-1/MNLENT-1/MPLANENW-1/MPLANENW_R-1,create
2026.05.14,MRBTS1012195.xml,1012195,com.nokia.srbts.mnl:PMCADM,MNL25R2_2503_111,MRBTS-1012195/MNL-1/MNLENT-1/PMCADM-1,create
2026.05.14,MRBTS1012195.xml,1012195,com.nokia.srbts.mnl:PMCADM_R,MNL25R2_2503_111,MRBTS-1012195/MNL-1/MNLENT-1/PMCADM-1/PMCADM_R-1,create
2026.05.14,MRBTS1012195.xml,1012195,com.nokia.srbts.mnl:PMMNL,MNL25R2_2503_111,MRBTS-1012195/MNL-1/MNLENT-1/PMMNL-1,create
2026.05.14,MRBTS1012195.xml,1012195,com.nokia.srbts.mnl:SECADM,MNL25R2_2503_111,MRBTS-1012195/MNL-1/MNLENT-1/SECADM-1,create
2026.05.14,MRBTS1012195.xml,1012195,com.nokia.srbts.mnl:SECADM_R,MNL25R2_2503_111,MRBTS-1012195/MNL-1/MNLENT-1/SECADM-1/SECADM_R-1,create
2026.05.14,MRBTS1012195.xml,1012195,com.nokia.srbts.mnl:SYNC,MNL25R2_2503_111,MRBTS-1012195/MNL-1/MNLENT-1/SYNC-1,create
2026.05.14,MRBTS1012195.xml,1012195,com.nokia.srbts.mnl:CLOCK,MNL25R2_2503_111,MRBTS-1012195/MNL-1/MNLENT-1/SYNC-1/CLOCK-1,create
2026.05.14,MRBTS1012195.xml,1012195,com.nokia.srbts.mnl:CLOCK_R,MNL25R2_2503_111,MRBTS-1012195/MNL-1/MNLENT-1/SYNC-1/CLOCK-1/CLOCK_R-1,create
2026.05.14,MRBTS1012195.xml,1012195,com.nokia.srbts.mnl:CLOCK_TDD,MNL25R2_2503_111,MRBTS-1012195/MNL-1/MNLENT-1/SYNC-1/CLOCK-1/CLOCK_TDD-1,create
2026.05.14,MRBTS1012195.xml,1012195,com.nokia.srbts.mnl:ECPRIMASTERSTATUS_R,MNL25R2_2503_111,MRBTS-1012195/MNL-1/MNLENT-1/SYNC-1/CLOCK-1/ECPRIMASTERSTATUS_R-1,create
2026.05.14,MRBTS1012195.xml,1012195,com.nokia.srbts.mnl:GNSSE,MNL25R2_2503_111,MRBTS-1012195/MNL-1/MNLENT-1/SYNC-1/CLOCK-1/GNSSE-1,create
2026.05.14,MRBTS1012195.xml,1012195,com.nokia.srbts.mnl:NTP,MNL25R2_2503_111,MRBTS-1012195/MNL-1/MNLENT-1/SYNC-1/CLOCK-1/NTP-1,create
2026.05.14,MRBTS1012195.xml,1012195,com.nokia.srbts.mnl:NTP_R,MNL25R2_2503_111,MRBTS-1012195/MNL-1/MNLENT-1/SYNC-1/CLOCK-1/NTP-1/NTP_R-1,create
2026.05.14,MRBTS1012195.xml,1012195,com.nokia.srbts.mnl:ECPRIMASTER,MNL25R2_2503_111,MRBTS-1012195/MNL-1/MNLENT-1/SYNC-1/ECPRIMASTER-1,create
2026.05.14,MRBTS1012195.xml,1012195,com.nokia.srbts.mnl:TIME,MNL25R2_2503_111,MRBTS-1012195/MNL-1/MNLENT-1/SYNC-1/TIME-1,create
2026.05.14,MRBTS1012195.xml,1012195,com.nokia.srbts.mnl:SYNC,MNL25R2_2503_111,MRBTS-1012195/MNL-1/MNLENT-1/SYNC-2,create
2026.05.14,MRBTS1012195.xml,1012195,com.nokia.srbts.mnl:CLOCK,MNL25R2_2503_111,MRBTS-1012195/MNL-1/MNLENT-1/SYNC-2/CLOCK-1,create
2026.05.14,MRBTS1012195.xml,1012195,com.nokia.srbts.mnl:CLOCK_R,MNL25R2_2503_111,MRBTS-1012195/MNL-1/MNLENT-1/SYNC-2/CLOCK-1/CLOCK_R-1,create
2026.05.14,MRBTS1012195.xml,1012195,com.nokia.srbts.mnl:CLOCK_R,MNL25R2_2503_111,MRBTS-1012195/MNL-1/MNLENT-1/SYNC-2/CLOCK-1/CLOCK_R-2,create
2026.05.14,MRBTS1012195.xml,1012195,com.nokia.srbts.mnl:CLOCK_R,MNL25R2_2503_111,MRBTS-1012195/MNL-1/MNLENT-1/SYNC-2/CLOCK-1/CLOCK_R-3,create
2026.05.14,MRBTS1012195.xml,1012195,com.nokia.srbts.mnl:TOP,MNL25R2_2503_111,MRBTS-1012195/MNL-1/MNLENT-1/SYNC-2/CLOCK-1/TOP-1,create
2026.05.14,MRBTS1012195.xml,1012195,com.nokia.srbts.mnl:TOPP,MNL25R2_2503_111,MRBTS-1012195/MNL-1/MNLENT-1/SYNC-2/CLOCK-1/TOP-1/TOPP-1,create
2026.05.14,MRBTS1012195.xml,1012195,com.nokia.srbts.mnl:TOPP_R,MNL25R2_2503_111,MRBTS-1012195/MNL-1/MNLENT-1/SYNC-2/CLOCK-1/TOP-1/TOPP-1/TOPP_R-1,create
2026.05.14,MRBTS1012195.xml,1012195,com.nokia.srbts.mnl:TOPP_R,MNL25R2_2503_111,MRBTS-1012195/MNL-1/MNLENT-1/SYNC-2/CLOCK-1/TOP-1/TOPP-1/TOPP_R-2,create
2026.05.14,MRBTS1012195.xml,1012195,com.nokia.srbts.mnl:TOPP_R,MNL25R2_2503_111,MRBTS-1012195/MNL-1/MNLENT-1/SYNC-2/CLOCK-1/TOP-1/TOPP-1/TOPP_R-3,create
2026.05.14,MRBTS1012195.xml,1012195,com.nokia.srbts.mnl:TIME,MNL25R2_2503_111,MRBTS-1012195/MNL-1/MNLENT-1/SYNC-2/TIME-1,create
2026.05.14,MRBTS1012195.xml,1012195,com.nokia.srbts.mnl:TAC,MNL25R2_2503_111,MRBTS-1012195/MNL-1/MNLENT-1/TAC-1,create
2026.05.14,MRBTS1012195.xml,1012195,com.nokia.srbts.mnl:LTAC,MNL25R2_2503_111,MRBTS-1012195/MNL-1/MNLENT-1/TAC-1/LTAC-1,create
2026.05.14,MRBTS1012195.xml,1012195,com.nokia.srbts.mnl:TEST,MNL25R2_2503_111,MRBTS-1012195/MNL-1/MNLENT-1/TEST-1,create
2026.05.14,MRBTS1012195.xml,1012195,com.nokia.srbts.mnl:RFTHLD,MNL25R2_2503_111,MRBTS-1012195/MNL-1/MNLENT-1/TEST-1/RFTHLD-1,create
2026.05.14,MRBTS1012195.xml,1012195,com.nokia.srbts.mnl:TRBLCADM,MNL25R2_2503_111,MRBTS-1012195/MNL-1/MNLENT-1/TRBLCADM-1,create
2026.05.14,MRBTS1012195.xml,1012195,com.nokia.srbts.mnl:SLCELLDRCONF,MNL25R2_2503_111,MRBTS-1012195/MNL-1/MNLENT-1/TRBLCADM-1/SLCELLDRCONF-1,create
2026.05.14,MRBTS1012195.xml,1012195,com.nokia.srbts.mnl:TRBLCADM_R,MNL25R2_2503_111,MRBTS-1012195/MNL-1/MNLENT-1/TRBLCADM-1/TRBLCADM_R-1,create
2026.05.14,MRBTS1012195.xml,1012195,com.nokia.srbts.mnl:MNL_R,MNL25R2_2503_111,MRBTS-1012195/MNL-1/MNL_R-1,create
2026.05.14,MRBTS1012195.xml,1012195,com.nokia.srbts.mnl:NOTES,MNL25R2_2503_111,MRBTS-1012195/MNL-1/NOTES-1,create
2026.05.14,MRBTS1012195.xml,1012195,com.nokia.srbts.mnl:TCEADM,MNL25R2_2503_111,MRBTS-1012195/MNL-1/TCEADM-1,create
2026.05.14,MRBTS1012195.xml,1012195,com.nokia.srbts.mnl:TCE,MNL25R2_2503_111,MRBTS-1012195/MNL-1/TCEADM-1/TCE-1,create
2026.05.14,MRBTS1012195.xml,1012195,com.nokia.srbts.nrbts:NRBTS,NRBTSCL25R2_2503_111,MRBTS-1012195/NRBTS-112195,create
2026.05.14,MRBTS1012195.xml,1012195,com.nokia.srbts.nrbts:BWP_PROFILE,NRBTSCL25R2_2503_111,MRBTS-1012195/NRBTS-112195/BWP_PROFILE-0,create
2026.05.14,MRBTS1012195.xml,1012195,com.nokia.srbts.nrbts:PDCCH,NRBTSCL25R2_2503_111,MRBTS-1012195/NRBTS-112195/BWP_PROFILE-0/PDCCH-1,create
2026.05.14,MRBTS1012195.xml,1012195,com.nokia.srbts.nrbts:PDCCH_CONFIG_COMMON,NRBTSCL25R2_2503_111,MRBTS-1012195/NRBTS-112195/BWP_PROFILE-0/PDCCH-1/PDCCH_CONFIG_COMMON-1,create
2026.05.14,MRBTS1012195.xml,1012195,com.nokia.srbts.nrbts:BWP_PROFILE,NRBTSCL25R2_2503_111,MRBTS-1012195/NRBTS-112195/BWP_PROFILE-40,create
2026.05.14,MRBTS1012195.xml,1012195,com.nokia.srbts.nrbts:PDCCH,NRBTSCL25R2_2503_111,MRBTS-1012195/NRBTS-112195/BWP_PROFILE-40/PDCCH-1,create
2026.05.14,MRBTS1012195.xml,1012195,com.nokia.srbts.nrbts:PDCCH_CONFIG_COMMON,NRBTSCL25R2_2503_111,MRBTS-1012195/NRBTS-112195/BWP_PROFILE-40/PDCCH-1/PDCCH_CONFIG_COMMON-1,create
2026.05.14,MRBTS1012195.xml,1012195,com.nokia.srbts.nrbts:PDCCH_CONFIG_DEDICATED,NRBTSCL25R2_2503_111,MRBTS-1012195/NRBTS-112195/BWP_PROFILE-40/PDCCH-1/PDCCH_CONFIG_DEDICATED-1,create
2026.05.14,MRBTS1012195.xml,1012195,com.nokia.srbts.nrbts:PDSCH,NRBTSCL25R2_2503_111,MRBTS-1012195/NRBTS-112195/BWP_PROFILE-40/PDSCH-1,create
2026.05.14,MRBTS1012195.xml,1012195,com.nokia.srbts.nrbts:BWP_PROFILE,NRBTSCL25R2_2503_111,MRBTS-1012195/NRBTS-112195/BWP_PROFILE-60,create
2026.05.14,MRBTS1012195.xml,1012195,com.nokia.srbts.nrbts:PDCCH,NRBTSCL25R2_2503_111,MRBTS-1012195/NRBTS-112195/BWP_PROFILE-60/PDCCH-1,create
2026.05.14,MRBTS1012195.xml,1012195,com.nokia.srbts.nrbts:PDCCH_CONFIG_COMMON,NRBTSCL25R2_2503_111,MRBTS-1012195/NRBTS-112195/BWP_PROFILE-60/PDCCH-1/PDCCH_CONFIG_COMMON-1,create
2026.05.14,MRBTS1012195.xml,1012195,com.nokia.srbts.nrbts:PDCCH_CONFIG_DEDICATED,NRBTSCL25R2_2503_111,MRBTS-1012195/NRBTS-112195/BWP_PROFILE-60/PDCCH-1/PDCCH_CONFIG_DEDICATED-1,create
2026.05.14,MRBTS1012195.xml,1012195,com.nokia.srbts.nrbts:PDSCH,NRBTSCL25R2_2503_111,MRBTS-1012195/NRBTS-112195/BWP_PROFILE-60/PDSCH-1,create
2026.05.14,MRBTS1012195.xml,1012195,com.nokia.srbts.nrbts:LTEENB,NRBTSCL25R2_2503_111,MRBTS-1012195/NRBTS-112195/LTEENB-0,create
2026.05.14,MRBTS1012195.xml,1012195,com.nokia.srbts.nrbts:LTEENB,NRBTSCL25R2_2503_111,MRBTS-1012195/NRBTS-112195/LTEENB-1,create
2026.05.14,MRBTS1012195.xml,1012195,com.nokia.srbts.nrbts:LTEENB,NRBTSCL25R2_2503_111,MRBTS-1012195/NRBTS-112195/LTEENB-10,create
2026.05.14,MRBTS1012195.xml,1012195,com.nokia.srbts.nrbts:LTEENB,NRBTSCL25R2_2503_111,MRBTS-1012195/NRBTS-112195/LTEENB-100,create
2026.05.14,MRBTS1012195.xml,1012195,com.nokia.srbts.nrbts:LTEENB,NRBTSCL25R2_2503_111,MRBTS-1012195/NRBTS-112195/LTEENB-101,create
2026.05.14,MRBTS1012195.xml,1012195,com.nokia.srbts.nrbts:LTEENB,NRBTSCL25R2_2503_111,MRBTS-1012195/NRBTS-112195/LTEENB-102,create
2026.05.14,MRBTS1012195.xml,1012195,com.nokia.srbts.nrbts:LTEENB,NRBTSCL25R2_2503_111,MRBTS-1012195/NRBTS-112195/LTEENB-103,create
2026.05.14,MRBTS1012195.xml,1012195,com.nokia.srbts.nrbts:LTEENB,NRBTSCL25R2_2503_111,MRBTS-1012195/NRBTS-112195/LTEENB-105,create
2026.05.14,MRBTS1012195.xml,1012195,com.nokia.srbts.nrbts:LTEENB,NRBTSCL25R2_2503_111,MRBTS-1012195/NRBTS-112195/LTEENB-11,create
2026.05.14,MRBTS1012195.xml,1012195,com.nokia.srbts.nrbts:LTEENB,NRBTSCL25R2_2503_111,MRBTS-1012195/NRBTS-112195/LTEENB-111,create
2026.05.14,MRBTS1012195.xml,1012195,com.nokia.srbts.nrbts:LTEENB,NRBTSCL25R2_2503_111,MRBTS-1012195/NRBTS-112195/LTEENB-115,create
2026.05.14,MRBTS1012195.xml,1012195,com.nokia.srbts.nrbts:LTEENB,NRBTSCL25R2_2503_111,MRBTS-1012195/NRBTS-112195/LTEENB-12,create
2026.05.14,MRBTS1012195.xml,1012195,com.nokia.srbts.nrbts:LTEENB,NRBTSCL25R2_2503_111,MRBTS-1012195/NRBTS-112195/LTEENB-120,create
2026.05.14,MRBTS1012195.xml,1012195,com.nokia.srbts.nrbts:LTEENB,NRBTSCL25R2_2503_111,MRBTS-1012195/NRBTS-112195/LTEENB-124,create
2026.05.14,MRBTS1012195.xml,1012195,com.nokia.srbts.nrbts:LTEENB,NRBTSCL25R2_2503_111,MRBTS-1012195/NRBTS-112195/LTEENB-125,create
2026.05.14,MRBTS1012195.xml,1012195,com.nokia.srbts.nrbts:LTEENB,NRBTSCL25R2_2503_111,MRBTS-1012195/NRBTS-112195/LTEENB-126,create
2026.05.14,MRBTS1012195.xml,1012195,com.nokia.srbts.nrbts:LTEENB,NRBTSCL25R2_2503_111,MRBTS-1012195/NRBTS-112195/LTEENB-127,create
2026.05.14,MRBTS1012195.xml,1012195,com.nokia.srbts.nrbts:LTEENB,NRBTSCL25R2_2503_111,MRBTS-1012195/NRBTS-112195/LTEENB-13,create
2026.05.14,MRBTS1012195.xml,1012195,com.nokia.srbts.nrbts:LTEENB,NRBTSCL25R2_2503_111,MRBTS-1012195/NRBTS-112195/LTEENB-130,create
2026.05.14,MRBTS1012195.xml,1012195,com.nokia.srbts.nrbts:LTEENB,NRBTSCL25R2_2503_111,MRBTS-1012195/NRBTS-112195/LTEENB-131,create
2026.05.14,MRBTS1012195.xml,1012195,com.nokia.srbts.nrbts:LTEENB,NRBTSCL25R2_2503_111,MRBTS-1012195/NRBTS-112195/LTEENB-133,create
2026.05.14,MRBTS1012195.xml,1012195,com.nokia.srbts.nrbts:LTEENB,NRBTSCL25R2_2503_111,MRBTS-1012195/NRBTS-112195/LTEENB-135,create
2026.05.14,MRBTS1012195.xml,1012195,com.nokia.srbts.nrbts:LTEENB,NRBTSCL25R2_2503_111,MRBTS-1012195/NRBTS-112195/LTEENB-137,create
2026.05.14,MRBTS1012195.xml,1012195,com.nokia.srbts.nrbts:LTEENB,NRBTSCL25R2_2503_111,MRBTS-1012195/NRBTS-112195/LTEENB-138,create
2026.05.14,MRBTS1012195.xml,1012195,com.nokia.srbts.nrbts:LTEENB,NRBTSCL25R2_2503_111,MRBTS-1012195/NRBTS-112195/LTEENB-139,create
2026.05.14,MRBTS1012195.xml,1012195,com.nokia.srbts.nrbts:LTEENB,NRBTSCL25R2_2503_111,MRBTS-1012195/NRBTS-112195/LTEENB-15,create
2026.05.14,MRBTS1012195.xml,1012195,com.nokia.srbts.nrbts:LTEENB,NRBTSCL25R2_2503_111,MRBTS-1012195/NRBTS-112195/LTEENB-16,create
2026.05.14,MRBTS1012195.xml,1012195,com.nokia.srbts.nrbts:LTEENB,NRBTSCL25R2_2503_111,MRBTS-1012195/NRBTS-112195/LTEENB-17,create
2026.05.14,MRBTS1012195.xml,1012195,com.nokia.srbts.nrbts:LTEENB,NRBTSCL25R2_2503_111,MRBTS-1012195/NRBTS-112195/LTEENB-18,create
2026.05.14,MRBTS1012195.xml,1012195,com.nokia.srbts.nrbts:LTEENB,NRBTSCL25R2_2503_111,MRBTS-1012195/NRBTS-112195/LTEENB-19,create
2026.05.14,MRBTS1012195.xml,1012195,com.nokia.srbts.nrbts:LTEENB,NRBTSCL25R2_2503_111,MRBTS-1012195/NRBTS-112195/LTEENB-2,create
2026.05.14,MRBTS1012195.xml,1012195,com.nokia.srbts.nrbts:LTEENB,NRBTSCL25R2_2503_111,MRBTS-1012195/NRBTS-112195/LTEENB-20,create
2026.05.14,MRBTS1012195.xml,1012195,com.nokia.srbts.nrbts:LTEENB,NRBTSCL25R2_2503_111,MRBTS-1012195/NRBTS-112195/LTEENB-21,create
2026.05.14,MRBTS1012195.xml,1012195,com.nokia.srbts.nrbts:LTEENB,NRBTSCL25R2_2503_111,MRBTS-1012195/NRBTS-112195/LTEENB-22,create
2026.05.14,MRBTS1012195.xml,1012195,com.nokia.srbts.nrbts:LTEENB,NRBTSCL25R2_2503_111,MRBTS-1012195/NRBTS-112195/LTEENB-221,create
2026.05.14,MRBTS1012195.xml,1012195,com.nokia.srbts.nrbts:LTEENB,NRBTSCL25R2_2503_111,MRBTS-1012195/NRBTS-112195/LTEENB-222,create
2026.05.14,MRBTS1012195.xml,1012195,com.nokia.srbts.nrbts:LTEENB,NRBTSCL25R2_2503_111,MRBTS-1012195/NRBTS-112195/LTEENB-225,create
2026.05.14,MRBTS1012195.xml,1012195,com.nokia.srbts.nrbts:LTEENB,NRBTSCL25R2_2503_111,MRBTS-1012195/NRBTS-112195/LTEENB-23,create
2026.05.14,MRBTS1012195.xml,1012195,com.nokia.srbts.nrbts:LTEENB,NRBTSCL25R2_2503_111,MRBTS-1012195/NRBTS-112195/LTEENB-232,create
2026.05.14,MRBTS1012195.xml,1012195,com.nokia.srbts.nrbts:LTEENB,NRBTSCL25R2_2503_111,MRBTS-1012195/NRBTS-112195/LTEENB-234,create
2026.05.14,MRBTS1012195.xml,1012195,com.nokia.srbts.nrbts:LTEENB,NRBTSCL25R2_2503_111,MRBTS-1012195/NRBTS-112195/LTEENB-239,create
2026.05.14,MRBTS1012195.xml,1012195,com.nokia.srbts.nrbts:LTEENB,NRBTSCL25R2_2503_111,MRBTS-1012195/NRBTS-112195/LTEENB-24,create
2026.05.14,MRBTS1012195.xml,1012195,com.nokia.srbts.nrbts:LTEENB,NRBTSCL25R2_2503_111,MRBTS-1012195/NRBTS-112195/LTEENB-240,create
2026.05.14,MRBTS1012195.xml,1012195,com.nokia.srbts.nrbts:LTEENB,NRBTSCL25R2_2503_111,MRBTS-1012195/NRBTS-112195/LTEENB-25,create
2026.05.14,MRBTS1012195.xml,1012195,com.nokia.srbts.nrbts:LTEENB,NRBTSCL25R2_2503_111,MRBTS-1012195/NRBTS-112195/LTEENB-251,create
2026.05.14,MRBTS1012195.xml,1012195,com.nokia.srbts.nrbts:LTEENB,NRBTSCL25R2_2503_111,MRBTS-1012195/NRBTS-112195/LTEENB-253,create
2026.05.14,MRBTS1012195.xml,1012195,com.nokia.srbts.nrbts:LTEENB,NRBTSCL25R2_2503_111,MRBTS-1012195/NRBTS-112195/LTEENB-254,create
2026.05.14,MRBTS1012195.xml,1012195,com.nokia.srbts.nrbts:LTEENB,NRBTSCL25R2_2503_111,MRBTS-1012195/NRBTS-112195/LTEENB-255,create
2026.05.14,MRBTS1012195.xml,1012195,com.nokia.srbts.nrbts:LTEENB,NRBTSCL25R2_2503_111,MRBTS-1012195/NRBTS-112195/LTEENB-26,create
2026.05.14,MRBTS1012195.xml,1012195,com.nokia.srbts.nrbts:LTEENB,NRBTSCL25R2_2503_111,MRBTS-1012195/NRBTS-112195/LTEENB-27,create
2026.05.14,MRBTS1012195.xml,1012195,com.nokia.srbts.nrbts:LTEENB,NRBTSCL25R2_2503_111,MRBTS-1012195/NRBTS-112195/LTEENB-28,create
2026.05.14,MRBTS1012195.xml,1012195,com.nokia.srbts.nrbts:LTEENB,NRBTSCL25R2_2503_111,MRBTS-1012195/NRBTS-112195/LTEENB-29,create
2026.05.14,MRBTS1012195.xml,1012195,com.nokia.srbts.nrbts:LTEENB,NRBTSCL25R2_2503_111,MRBTS-1012195/NRBTS-112195/LTEENB-3,create
2026.05.14,MRBTS1012195.xml,1012195,com.nokia.srbts.nrbts:LTEENB,NRBTSCL25R2_2503_111,MRBTS-1012195/NRBTS-112195/LTEENB-32,create
2026.05.14,MRBTS1012195.xml,1012195,com.nokia.srbts.nrbts:LTEENB,NRBTSCL25R2_2503_111,MRBTS-1012195/NRBTS-112195/LTEENB-33,create
2026.05.14,MRBTS1012195.xml,1012195,com.nokia.srbts.nrbts:LTEENB,NRBTSCL25R2_2503_111,MRBTS-1012195/NRBTS-112195/LTEENB-34,create
2026.05.14,MRBTS1012195.xml,1012195,com.nokia.srbts.nrbts:LTEENB,NRBTSCL25R2_2503_111,MRBTS-1012195/NRBTS-112195/LTEENB-36,create
2026.05.14,MRBTS1012195.xml,1012195,com.nokia.srbts.nrbts:LTEENB,NRBTSCL25R2_2503_111,MRBTS-1012195/NRBTS-112195/LTEENB-38,create
2026.05.14,MRBTS1012195.xml,1012195,com.nokia.srbts.nrbts:LTEENB,NRBTSCL25R2_2503_111,MRBTS-1012195/NRBTS-112195/LTEENB-39,create
2026.05.14,MRBTS1012195.xml,1012195,com.nokia.srbts.nrbts:LTEENB,NRBTSCL25R2_2503_111,MRBTS-1012195/NRBTS-112195/LTEENB-4,create
2026.05.14,MRBTS1012195.xml,1012195,com.nokia.srbts.nrbts:LTEENB,NRBTSCL25R2_2503_111,MRBTS-1012195/NRBTS-112195/LTEENB-40,create
2026.05.14,MRBTS1012195.xml,1012195,com.nokia.srbts.nrbts:LTEENB,NRBTSCL25R2_2503_111,MRBTS-1012195/NRBTS-112195/LTEENB-41,create
2026.05.14,MRBTS1012195.xml,1012195,com.nokia.srbts.nrbts:LTEENB,NRBTSCL25R2_2503_111,MRBTS-1012195/NRBTS-112195/LTEENB-42,create
2026.05.14,MRBTS1012195.xml,1012195,com.nokia.srbts.nrbts:LTEENB,NRBTSCL25R2_2503_111,MRBTS-1012195/NRBTS-112195/LTEENB-44,create
2026.05.14,MRBTS1012195.xml,1012195,com.nokia.srbts.nrbts:LTEENB,NRBTSCL25R2_2503_111,MRBTS-1012195/NRBTS-112195/LTEENB-45,create
2026.05.14,MRBTS1012195.xml,1012195,com.nokia.srbts.nrbts:LTEENB,NRBTSCL25R2_2503_111,MRBTS-1012195/NRBTS-112195/LTEENB-46,create
2026.05.14,MRBTS1012195.xml,1012195,com.nokia.srbts.nrbts:LTEENB,NRBTSCL25R2_2503_111,MRBTS-1012195/NRBTS-112195/LTEENB-47,create
2026.05.14,MRBTS1012195.xml,1012195,com.nokia.srbts.nrbts:LTEENB,NRBTSCL25R2_2503_111,MRBTS-1012195/NRBTS-112195/LTEENB-48,create
2026.05.14,MRBTS1012195.xml,1012195,com.nokia.srbts.nrbts:LTEENB,NRBTSCL25R2_2503_111,MRBTS-1012195/NRBTS-112195/LTEENB-49,create
2026.05.14,MRBTS1012195.xml,1012195,com.nokia.srbts.nrbts:LTEENB,NRBTSCL25R2_2503_111,MRBTS-1012195/NRBTS-112195/LTEENB-5,create
2026.05.14,MRBTS1012195.xml,1012195,com.nokia.srbts.nrbts:LTEENB,NRBTSCL25R2_2503_111,MRBTS-1012195/NRBTS-112195/LTEENB-50,create
2026.05.14,MRBTS1012195.xml,1012195,com.nokia.srbts.nrbts:LTEENB,NRBTSCL25R2_2503_111,MRBTS-1012195/NRBTS-112195/LTEENB-51,create
2026.05.14,MRBTS1012195.xml,1012195,com.nokia.srbts.nrbts:LTEENB,NRBTSCL25R2_2503_111,MRBTS-1012195/NRBTS-112195/LTEENB-52,create
2026.05.14,MRBTS1012195.xml,1012195,com.nokia.srbts.nrbts:LTEENB,NRBTSCL25R2_2503_111,MRBTS-1012195/NRBTS-112195/LTEENB-53,create
2026.05.14,MRBTS1012195.xml,1012195,com.nokia.srbts.nrbts:LTEENB,NRBTSCL25R2_2503_111,MRBTS-1012195/NRBTS-112195/LTEENB-55,create
2026.05.14,MRBTS1012195.xml,1012195,com.nokia.srbts.nrbts:LTEENB,NRBTSCL25R2_2503_111,MRBTS-1012195/NRBTS-112195/LTEENB-56,create
2026.05.14,MRBTS1012195.xml,1012195,com.nokia.srbts.nrbts:LTEENB,NRBTSCL25R2_2503_111,MRBTS-1012195/NRBTS-112195/LTEENB-57,create
2026.05.14,MRBTS1012195.xml,1012195,com.nokia.srbts.nrbts:LTEENB,NRBTSCL25R2_2503_111,MRBTS-1012195/NRBTS-112195/LTEENB-58,create
2026.05.14,MRBTS1012195.xml,1012195,com.nokia.srbts.nrbts:LTEENB,NRBTSCL25R2_2503_111,MRBTS-1012195/NRBTS-112195/LTEENB-6,create
2026.05.14,MRBTS1012195.xml,1012195,com.nokia.srbts.nrbts:LTEENB,NRBTSCL25R2_2503_111,MRBTS-1012195/NRBTS-112195/LTEENB-60,create
2026.05.14,MRBTS1012195.xml,1012195,com.nokia.srbts.nrbts:LTEENB,NRBTSCL25R2_2503_111,MRBTS-1012195/NRBTS-112195/LTEENB-62,create
2026.05.14,MRBTS1012195.xml,1012195,com.nokia.srbts.nrbts:LTEENB,NRBTSCL25R2_2503_111,MRBTS-1012195/NRBTS-112195/LTEENB-63,create
2026.05.14,MRBTS1012195.xml,1012195,com.nokia.srbts.nrbts:LTEENB,NRBTSCL25R2_2503_111,MRBTS-1012195/NRBTS-112195/LTEENB-65,create
2026.05.14,MRBTS1012195.xml,1012195,com.nokia.srbts.nrbts:LTEENB,NRBTSCL25R2_2503_111,MRBTS-1012195/NRBTS-112195/LTEENB-68,create
2026.05.14,MRBTS1012195.xml,1012195,com.nokia.srbts.nrbts:LTEENB,NRBTSCL25R2_2503_111,MRBTS-1012195/NRBTS-112195/LTEENB-69,create
2026.05.14,MRBTS1012195.xml,1012195,com.nokia.srbts.nrbts:LTEENB,NRBTSCL25R2_2503_111,MRBTS-1012195/NRBTS-112195/LTEENB-7,create
2026.05.14,MRBTS1012195.xml,1012195,com.nokia.srbts.nrbts:LTEENB,NRBTSCL25R2_2503_111,MRBTS-1012195/NRBTS-112195/LTEENB-70,create
2026.05.14,MRBTS1012195.xml,1012195,com.nokia.srbts.nrbts:LTEENB,NRBTSCL25R2_2503_111,MRBTS-1012195/NRBTS-112195/LTEENB-72,create
2026.05.14,MRBTS1012195.xml,1012195,com.nokia.srbts.nrbts:LTEENB,NRBTSCL25R2_2503_111,MRBTS-1012195/NRBTS-112195/LTEENB-74,create
2026.05.14,MRBTS1012195.xml,1012195,com.nokia.srbts.nrbts:LTEENB,NRBTSCL25R2_2503_111,MRBTS-1012195/NRBTS-112195/LTEENB-75,create
2026.05.14,MRBTS1012195.xml,1012195,com.nokia.srbts.nrbts:LTEENB,NRBTSCL25R2_2503_111,MRBTS-1012195/NRBTS-112195/LTEENB-76,create
2026.05.14,MRBTS1012195.xml,1012195,com.nokia.srbts.nrbts:LTEENB,NRBTSCL25R2_2503_111,MRBTS-1012195/NRBTS-112195/LTEENB-78,create
2026.05.14,MRBTS1012195.xml,1012195,com.nokia.srbts.nrbts:LTEENB,NRBTSCL25R2_2503_111,MRBTS-1012195/NRBTS-112195/LTEENB-79,create
2026.05.14,MRBTS1012195.xml,1012195,com.nokia.srbts.nrbts:LTEENB,NRBTSCL25R2_2503_111,MRBTS-1012195/NRBTS-112195/LTEENB-8,create
2026.05.14,MRBTS1012195.xml,1012195,com.nokia.srbts.nrbts:LTEENB,NRBTSCL25R2_2503_111,MRBTS-1012195/NRBTS-112195/LTEENB-82,create
2026.05.14,MRBTS1012195.xml,1012195,com.nokia.srbts.nrbts:LTEENB,NRBTSCL25R2_2503_111,MRBTS-1012195/NRBTS-112195/LTEENB-85,create
2026.05.14,MRBTS1012195.xml,1012195,com.nokia.srbts.nrbts:LTEENB,NRBTSCL25R2_2503_111,MRBTS-1012195/NRBTS-112195/LTEENB-87,create
2026.05.14,MRBTS1012195.xml,1012195,com.nokia.srbts.nrbts:LTEENB,NRBTSCL25R2_2503_111,MRBTS-1012195/NRBTS-112195/LTEENB-88,create
2026.05.14,MRBTS1012195.xml,1012195,com.nokia.srbts.nrbts:LTEENB,NRBTSCL25R2_2503_111,MRBTS-1012195/NRBTS-112195/LTEENB-89,create
2026.05.14,MRBTS1012195.xml,1012195,com.nokia.srbts.nrbts:LTEENB,NRBTSCL25R2_2503_111,MRBTS-1012195/NRBTS-112195/LTEENB-9,create
2026.05.14,MRBTS1012195.xml,1012195,com.nokia.srbts.nrbts:LTEENB,NRBTSCL25R2_2503_111,MRBTS-1012195/NRBTS-112195/LTEENB-90,create
2026.05.14,MRBTS1012195.xml,1012195,com.nokia.srbts.nrbts:LTEENB,NRBTSCL25R2_2503_111,MRBTS-1012195/NRBTS-112195/LTEENB-92,create
2026.05.14,MRBTS1012195.xml,1012195,com.nokia.srbts.nrbts:LTEENB,NRBTSCL25R2_2503_111,MRBTS-1012195/NRBTS-112195/LTEENB-94,create
2026.05.14,MRBTS1012195.xml,1012195,com.nokia.srbts.nrbts:LTEENB,NRBTSCL25R2_2503_111,MRBTS-1012195/NRBTS-112195/LTEENB-95,create
2026.05.14,MRBTS1012195.xml,1012195,com.nokia.srbts.nrbts:LTEENB,NRBTSCL25R2_2503_111,MRBTS-1012195/NRBTS-112195/LTEENB-96,create
2026.05.14,MRBTS1012195.xml,1012195,com.nokia.srbts.nrbts:LTEENB,NRBTSCL25R2_2503_111,MRBTS-1012195/NRBTS-112195/LTEENB-97,create
2026.05.14,MRBTS1012195.xml,1012195,com.nokia.srbts.nrbts:LTEENB,NRBTSCL25R2_2503_111,MRBTS-1012195/NRBTS-112195/LTEENB-99,create
2026.05.14,MRBTS1012195.xml,1012195,com.nokia.srbts.nrbts:NRADJNRCELL,NRBTSCL25R2_2503_111,MRBTS-1012195/NRBTS-112195/NRADJNRCELL-1,create
2026.05.14,MRBTS1012195.xml,1012195,com.nokia.srbts.nrbts:NRADJNRCELL,NRBTSCL25R2_2503_111,MRBTS-1012195/NRBTS-112195/NRADJNRCELL-10,create
2026.05.14,MRBTS1012195.xml,1012195,com.nokia.srbts.nrbts:NRADJNRCELL,NRBTSCL25R2_2503_111,MRBTS-1012195/NRBTS-112195/NRADJNRCELL-11,create
2026.05.14,MRBTS1012195.xml,1012195,com.nokia.srbts.nrbts:NRADJNRCELL,NRBTSCL25R2_2503_111,MRBTS-1012195/NRBTS-112195/NRADJNRCELL-12,create
2026.05.14,MRBTS1012195.xml,1012195,com.nokia.srbts.nrbts:NRADJNRCELL,NRBTSCL25R2_2503_111,MRBTS-1012195/NRBTS-112195/NRADJNRCELL-12223,create
2026.05.14,MRBTS1012195.xml,1012195,com.nokia.srbts.nrbts:NRADJNRCELL,NRBTSCL25R2_2503_111,MRBTS-1012195/NRBTS-112195/NRADJNRCELL-12224,create
2026.05.14,MRBTS1012195.xml,1012195,com.nokia.srbts.nrbts:NRADJNRCELL,NRBTSCL25R2_2503_111,MRBTS-1012195/NRBTS-112195/NRADJNRCELL-12226,create
2026.05.14,MRBTS1012195.xml,1012195,com.nokia.srbts.nrbts:NRADJNRCELL,NRBTSCL25R2_2503_111,MRBTS-1012195/NRBTS-112195/NRADJNRCELL-12227,create
2026.05.14,MRBTS1012195.xml,1012195,com.nokia.srbts.nrbts:NRADJNRCELL,NRBTSCL25R2_2503_111,MRBTS-1012195/NRBTS-112195/NRADJNRCELL-12229,create
2026.05.14,MRBTS1012195.xml,1012195,com.nokia.srbts.nrbts:NRADJNRCELL,NRBTSCL25R2_2503_111,MRBTS-1012195/NRBTS-112195/NRADJNRCELL-12230,create
2026.05.14,MRBTS1012195.xml,1012195,com.nokia.srbts.nrbts:NRADJNRCELL,NRBTSCL25R2_2503_111,MRBTS-1012195/NRBTS-112195/NRADJNRCELL-12231,create
2026.05.14,MRBTS1012195.xml,1012195,com.nokia.srbts.nrbts:NRADJNRCELL,NRBTSCL25R2_2503_111,MRBTS-1012195/NRBTS-112195/NRADJNRCELL-12232,create
2026.05.14,MRBTS1012195.xml,1012195,com.nokia.srbts.nrbts:NRADJNRCELL,NRBTSCL25R2_2503_111,MRBTS-1012195/NRBTS-112195/NRADJNRCELL-12233,create
2026.05.14,MRBTS1012195.xml,1012195,com.nokia.srbts.nrbts:NRADJNRCELL,NRBTSCL25R2_2503_111,MRBTS-1012195/NRBTS-112195/NRADJNRCELL-12234,create
2026.05.14,MRBTS1012195.xml,1012195,com.nokia.srbts.nrbts:NRADJNRCELL,NRBTSCL25R2_2503_111,MRBTS-1012195/NRBTS-112195/NRADJNRCELL-12235,create
2026.05.14,MRBTS1012195.xml,1012195,com.nokia.srbts.nrbts:NRADJNRCELL,NRBTSCL25R2_2503_111,MRBTS-1012195/NRBTS-112195/NRADJNRCELL-12237,create
2026.05.14,MRBTS1012195.xml,1012195,com.nokia.srbts.nrbts:NRADJNRCELL,NRBTSCL25R2_2503_111,MRBTS-1012195/NRBTS-112195/NRADJNRCELL-12238,create
2026.05.14,MRBTS1012195.xml,1012195,com.nokia.srbts.nrbts:NRADJNRCELL,NRBTSCL25R2_2503_111,MRBTS-1012195/NRBTS-112195/NRADJNRCELL-12239,create
2026.05.14,MRBTS1012195.xml,1012195,com.nokia.srbts.nrbts:NRADJNRCELL,NRBTSCL25R2_2503_111,MRBTS-1012195/NRBTS-112195/NRADJNRCELL-12240,create
2026.05.14,MRBTS1012195.xml,1012195,com.nokia.srbts.nrbts:NRADJNRCELL,NRBTSCL25R2_2503_111,MRBTS-1012195/NRBTS-112195/NRADJNRCELL-12241,create
2026.05.14,MRBTS1012195.xml,1012195,com.nokia.srbts.nrbts:NRADJNRCELL,NRBTSCL25R2_2503_111,MRBTS-1012195/NRBTS-112195/NRADJNRCELL-12242,create
2026.05.14,MRBTS1012195.xml,1012195,com.nokia.srbts.nrbts:NRADJNRCELL,NRBTSCL25R2_2503_111,MRBTS-1012195/NRBTS-112195/NRADJNRCELL-12243,create
2026.05.14,MRBTS1012195.xml,1012195,com.nokia.srbts.nrbts:NRADJNRCELL,NRBTSCL25R2_2503_111,MRBTS-1012195/NRBTS-112195/NRADJNRCELL-12244,create
2026.05.14,MRBTS1012195.xml,1012195,com.nokia.srbts.nrbts:NRADJNRCELL,NRBTSCL25R2_2503_111,MRBTS-1012195/NRBTS-112195/NRADJNRCELL-12245,create
2026.05.14,MRBTS1012195.xml,1012195,com.nokia.srbts.nrbts:NRADJNRCELL,NRBTSCL25R2_2503_111,MRBTS-1012195/NRBTS-112195/NRADJNRCELL-12246,create
2026.05.14,MRBTS1012195.xml,1012195,com.nokia.srbts.nrbts:NRADJNRCELL,NRBTSCL25R2_2503_111,MRBTS-1012195/NRBTS-112195/NRADJNRCELL-12247,create
2026.05.14,MRBTS1012195.xml,1012195,com.nokia.srbts.nrbts:NRADJNRCELL,NRBTSCL25R2_2503_111,MRBTS-1012195/NRBTS-112195/NRADJNRCELL-12248,create
2026.05.14,MRBTS1012195.xml,1012195,com.nokia.srbts.nrbts:NRADJNRCELL,NRBTSCL25R2_2503_111,MRBTS-1012195/NRBTS-112195/NRADJNRCELL-12249,create
2026.05.14,MRBTS1012195.xml,1012195,com.nokia.srbts.nrbts:NRADJNRCELL,NRBTSCL25R2_2503_111,MRBTS-1012195/NRBTS-112195/NRADJNRCELL-12250,create
2026.05.14,MRBTS1012195.xml,1012195,com.nokia.srbts.nrbts:NRADJNRCELL,NRBTSCL25R2_2503_111,MRBTS-1012195/NRBTS-112195/NRADJNRCELL-12251,create
2026.05.14,MRBTS1012195.xml,1012195,com.nokia.srbts.nrbts:NRADJNRCELL,NRBTSCL25R2_2503_111,MRBTS-1012195/NRBTS-112195/NRADJNRCELL-12252,create
2026.05.14,MRBTS1012195.xml,1012195,com.nokia.srbts.nrbts:NRADJNRCELL,NRBTSCL25R2_2503_111,MRBTS-1012195/NRBTS-112195/NRADJNRCELL-12253,create
2026.05.14,MRBTS1012195.xml,1012195,com.nokia.srbts.nrbts:NRADJNRCELL,NRBTSCL25R2_2503_111,MRBTS-1012195/NRBTS-112195/NRADJNRCELL-12254,create
2026.05.14,MRBTS1012195.xml,1012195,com.nokia.srbts.nrbts:NRADJNRCELL,NRBTSCL25R2_2503_111,MRBTS-1012195/NRBTS-112195/NRADJNRCELL-12255,create
2026.05.14,MRBTS1012195.xml,1012195,com.nokia.srbts.nrbts:NRADJNRCELL,NRBTSCL25R2_2503_111,MRBTS-1012195/NRBTS-112195/NRADJNRCELL-12256,create
2026.05.14,MRBTS1012195.xml,1012195,com.nokia.srbts.nrbts:NRADJNRCELL,NRBTSCL25R2_2503_111,MRBTS-1012195/NRBTS-112195/NRADJNRCELL-12257,create
2026.05.14,MRBTS1012195.xml,1012195,com.nokia.srbts.nrbts:NRADJNRCELL,NRBTSCL25R2_2503_111,MRBTS-1012195/NRBTS-112195/NRADJNRCELL-12258,create
2026.05.14,MRBTS1012195.xml,1012195,com.nokia.srbts.nrbts:NRADJNRCELL,NRBTSCL25R2_2503_111,MRBTS-1012195/NRBTS-112195/NRADJNRCELL-12259,create
2026.05.14,MRBTS1012195.xml,1012195,com.nokia.srbts.nrbts:NRADJNRCELL,NRBTSCL25R2_2503_111,MRBTS-1012195/NRBTS-112195/NRADJNRCELL-12260,create
2026.05.14,MRBTS1012195.xml,1012195,com.nokia.srbts.nrbts:NRADJNRCELL,NRBTSCL25R2_2503_111,MRBTS-1012195/NRBTS-112195/NRADJNRCELL-12261,create
2026.05.14,MRBTS1012195.xml,1012195,com.nokia.srbts.nrbts:NRADJNRCELL,NRBTSCL25R2_2503_111,MRBTS-1012195/NRBTS-112195/NRADJNRCELL-12262,create
2026.05.14,MRBTS1012195.xml,1012195,com.nokia.srbts.nrbts:NRADJNRCELL,NRBTSCL25R2_2503_111,MRBTS-1012195/NRBTS-112195/NRADJNRCELL-12263,create
2026.05.14,MRBTS1012195.xml,1012195,com.nokia.srbts.nrbts:NRADJNRCELL,NRBTSCL25R2_2503_111,MRBTS-1012195/NRBTS-112195/NRADJNRCELL-12264,create
2026.05.14,MRBTS1012195.xml,1012195,com.nokia.srbts.nrbts:NRADJNRCELL,NRBTSCL25R2_2503_111,MRBTS-1012195/NRBTS-112195/NRADJNRCELL-12265,create
2026.05.14,MRBTS1012195.xml,1012195,com.nokia.srbts.nrbts:NRADJNRCELL,NRBTSCL25R2_2503_111,MRBTS-1012195/NRBTS-112195/NRADJNRCELL-12266,create
2026.05.14,MRBTS1012195.xml,1012195,com.nokia.srbts.nrbts:NRADJNRCELL,NRBTSCL25R2_2503_111,MRBTS-1012195/NRBTS-112195/NRADJNRCELL-12267,create
2026.05.14,MRBTS1012195.xml,1012195,com.nokia.srbts.nrbts:NRADJNRCELL,NRBTSCL25R2_2503_111,MRBTS-1012195/NRBTS-112195/NRADJNRCELL-12268,create
2026.05.14,MRBTS1012195.xml,1012195,com.nokia.srbts.nrbts:NRADJNRCELL,NRBTSCL25R2_2503_111,MRBTS-1012195/NRBTS-112195/NRADJNRCELL-12269,create
2026.05.14,MRBTS1012195.xml,1012195,com.nokia.srbts.nrbts:NRADJNRCELL,NRBTSCL25R2_2503_111,MRBTS-1012195/NRBTS-112195/NRADJNRCELL-12270,create
2026.05.14,MRBTS1012195.xml,1012195,com.nokia.srbts.nrbts:NRADJNRCELL,NRBTSCL25R2_2503_111,MRBTS-1012195/NRBTS-112195/NRADJNRCELL-12271,create
2026.05.14,MRBTS1012195.xml,1012195,com.nokia.srbts.nrbts:NRADJNRCELL,NRBTSCL25R2_2503_111,MRBTS-1012195/NRBTS-112195/NRADJNRCELL-12272,create
2026.05.14,MRBTS1012195.xml,1012195,com.nokia.srbts.nrbts:NRADJNRCELL,NRBTSCL25R2_2503_111,MRBTS-1012195/NRBTS-112195/NRADJNRCELL-12273,create
2026.05.14,MRBTS1012195.xml,1012195,com.nokia.srbts.nrbts:NRADJNRCELL,NRBTSCL25R2_2503_111,MRBTS-1012195/NRBTS-112195/NRADJNRCELL-12274,create
2026.05.14,MRBTS1012195.xml,1012195,com.nokia.srbts.nrbts:NRADJNRCELL,NRBTSCL25R2_2503_111,MRBTS-1012195/NRBTS-112195/NRADJNRCELL-12275,create
2026.05.14,MRBTS1012195.xml,1012195,com.nokia.srbts.nrbts:NRADJNRCELL,NRBTSCL25R2_2503_111,MRBTS-1012195/NRBTS-112195/NRADJNRCELL-12276,create
2026.05.14,MRBTS1012195.xml,1012195,com.nokia.srbts.nrbts:NRADJNRCELL,NRBTSCL25R2_2503_111,MRBTS-1012195/NRBTS-112195/NRADJNRCELL-12277,create
2026.05.14,MRBTS1012195.xml,1012195,com.nokia.srbts.nrbts:NRADJNRCELL,NRBTSCL25R2_2503_111,MRBTS-1012195/NRBTS-112195/NRADJNRCELL-12278,create
2026.05.14,MRBTS1012195.xml,1012195,com.nokia.srbts.nrbts:NRADJNRCELL,NRBTSCL25R2_2503_111,MRBTS-1012195/NRBTS-112195/NRADJNRCELL-12279,create
2026.05.14,MRBTS1012195.xml,1012195,com.nokia.srbts.nrbts:NRADJNRCELL,NRBTSCL25R2_2503_111,MRBTS-1012195/NRBTS-112195/NRADJNRCELL-12280,create
2026.05.14,MRBTS1012195.xml,1012195,com.nokia.srbts.nrbts:NRADJNRCELL,NRBTSCL25R2_2503_111,MRBTS-1012195/NRBTS-112195/NRADJNRCELL-12281,create
2026.05.14,MRBTS1012195.xml,1012195,com.nokia.srbts.nrbts:NRADJNRCELL,NRBTSCL25R2_2503_111,MRBTS-1012195/NRBTS-112195/NRADJNRCELL-12282,create
2026.05.14,MRBTS1012195.xml,1012195,com.nokia.srbts.nrbts:NRADJNRCELL,NRBTSCL25R2_2503_111,MRBTS-1012195/NRBTS-112195/NRADJNRCELL-12283,create
2026.05.14,MRBTS1012195.xml,1012195,com.nokia.srbts.nrbts:NRADJNRCELL,NRBTSCL25R2_2503_111,MRBTS-1012195/NRBTS-112195/NRADJNRCELL-12284,create
2026.05.14,MRBTS1012195.xml,1012195,com.nokia.srbts.nrbts:NRADJNRCELL,NRBTSCL25R2_2503_111,MRBTS-1012195/NRBTS-112195/NRADJNRCELL-12285,create
2026.05.14,MRBTS1012195.xml,1012195,com.nokia.srbts.nrbts:NRADJNRCELL,NRBTSCL25R2_2503_111,MRBTS-1012195/NRBTS-112195/NRADJNRCELL-12286,create
2026.05.14,MRBTS1012195.xml,1012195,com.nokia.srbts.nrbts:NRADJNRCELL,NRBTSCL25R2_2503_111,MRBTS-1012195/NRBTS-112195/NRADJNRCELL-12287,create
2026.05.14,MRBTS1012195.xml,1012195,com.nokia.srbts.nrbts:NRADJNRCELL,NRBTSCL25R2_2503_111,MRBTS-1012195/NRBTS-112195/NRADJNRCELL-12288,create
2026.05.14,MRBTS1012195.xml,1012195,com.nokia.srbts.nrbts:NRADJNRCELL,NRBTSCL25R2_2503_111,MRBTS-1012195/NRBTS-112195/NRADJNRCELL-13,create
2026.05.14,MRBTS1012195.xml,1012195,com.nokia.srbts.nrbts:NRADJNRCELL,NRBTSCL25R2_2503_111,MRBTS-1012195/NRBTS-112195/NRADJNRCELL-14,create
2026.05.14,MRBTS1012195.xml,1012195,com.nokia.srbts.nrbts:NRADJNRCELL,NRBTSCL25R2_2503_111,MRBTS-1012195/NRBTS-112195/NRADJNRCELL-15,create
2026.05.14,MRBTS1012195.xml,1012195,com.nokia.srbts.nrbts:NRADJNRCELL,NRBTSCL25R2_2503_111,MRBTS-1012195/NRBTS-112195/NRADJNRCELL-16,create
2026.05.14,MRBTS1012195.xml,1012195,com.nokia.srbts.nrbts:NRADJNRCELL,NRBTSCL25R2_2503_111,MRBTS-1012195/NRBTS-112195/NRADJNRCELL-17,create
2026.05.14,MRBTS1012195.xml,1012195,com.nokia.srbts.nrbts:NRADJNRCELL,NRBTSCL25R2_2503_111,MRBTS-1012195/NRBTS-112195/NRADJNRCELL-18,create
2026.05.14,MRBTS1012195.xml,1012195,com.nokia.srbts.nrbts:NRADJNRCELL,NRBTSCL25R2_2503_111,MRBTS-1012195/NRBTS-112195/NRADJNRCELL-19,create
2026.05.14,MRBTS1012195.xml,1012195,com.nokia.srbts.nrbts:NRADJNRCELL,NRBTSCL25R2_2503_111,MRBTS-1012195/NRBTS-112195/NRADJNRCELL-2,create
2026.05.14,MRBTS1012195.xml,1012195,com.nokia.srbts.nrbts:NRADJNRCELL,NRBTSCL25R2_2503_111,MRBTS-1012195/NRBTS-112195/NRADJNRCELL-20,create
2026.05.14,MRBTS1012195.xml,1012195,com.nokia.srbts.nrbts:NRADJNRCELL,NRBTSCL25R2_2503_111,MRBTS-1012195/NRBTS-112195/NRADJNRCELL-21,create
2026.05.14,MRBTS1012195.xml,1012195,com.nokia.srbts.nrbts:NRADJNRCELL,NRBTSCL25R2_2503_111,MRBTS-1012195/NRBTS-112195/NRADJNRCELL-22,create
2026.05.14,MRBTS1012195.xml,1012195,com.nokia.srbts.nrbts:NRADJNRCELL,NRBTSCL25R2_2503_111,MRBTS-1012195/NRBTS-112195/NRADJNRCELL-23,create
2026.05.14,MRBTS1012195.xml,1012195,com.nokia.srbts.nrbts:NRADJNRCELL,NRBTSCL25R2_2503_111,MRBTS-1012195/NRBTS-112195/NRADJNRCELL-24,create
2026.05.14,MRBTS1012195.xml,1012195,com.nokia.srbts.nrbts:NRADJNRCELL,NRBTSCL25R2_2503_111,MRBTS-1012195/NRBTS-112195/NRADJNRCELL-25,create
2026.05.14,MRBTS1012195.xml,1012195,com.nokia.srbts.nrbts:NRADJNRCELL,NRBTSCL25R2_2503_111,MRBTS-1012195/NRBTS-112195/NRADJNRCELL-26,create
2026.05.14,MRBTS1012195.xml,1012195,com.nokia.srbts.nrbts:NRADJNRCELL,NRBTSCL25R2_2503_111,MRBTS-1012195/NRBTS-112195/NRADJNRCELL-27,create
2026.05.14,MRBTS1012195.xml,1012195,com.nokia.srbts.nrbts:NRADJNRCELL,NRBTSCL25R2_2503_111,MRBTS-1012195/NRBTS-112195/NRADJNRCELL-28,create
2026.05.14,MRBTS1012195.xml,1012195,com.nokia.srbts.nrbts:NRADJNRCELL,NRBTSCL25R2_2503_111,MRBTS-1012195/NRBTS-112195/NRADJNRCELL-29,create
2026.05.14,MRBTS1012195.xml,1012195,com.nokia.srbts.nrbts:NRADJNRCELL,NRBTSCL25R2_2503_111,MRBTS-1012195/NRBTS-112195/NRADJNRCELL-3,create
2026.05.14,MRBTS1012195.xml,1012195,com.nokia.srbts.nrbts:NRADJNRCELL,NRBTSCL25R2_2503_111,MRBTS-1012195/NRBTS-112195/NRADJNRCELL-30,create
2026.05.14,MRBTS1012195.xml,1012195,com.nokia.srbts.nrbts:NRADJNRCELL,NRBTSCL25R2_2503_111,MRBTS-1012195/NRBTS-112195/NRADJNRCELL-31,create
2026.05.14,MRBTS1012195.xml,1012195,com.nokia.srbts.nrbts:NRADJNRCELL,NRBTSCL25R2_2503_111,MRBTS-1012195/NRBTS-112195/NRADJNRCELL-4,create
2026.05.14,MRBTS1012195.xml,1012195,com.nokia.srbts.nrbts:NRADJNRCELL,NRBTSCL25R2_2503_111,MRBTS-1012195/NRBTS-112195/NRADJNRCELL-5,create
2026.05.14,MRBTS1012195.xml,1012195,com.nokia.srbts.nrbts:NRADJNRCELL,NRBTSCL25R2_2503_111,MRBTS-1012195/NRBTS-112195/NRADJNRCELL-6,create
2026.05.14,MRBTS1012195.xml,1012195,com.nokia.srbts.nrbts:NRADJNRCELL,NRBTSCL25R2_2503_111,MRBTS-1012195/NRBTS-112195/NRADJNRCELL-7,create
2026.05.14,MRBTS1012195.xml,1012195,com.nokia.srbts.nrbts:NRADJNRCELL,NRBTSCL25R2_2503_111,MRBTS-1012195/NRBTS-112195/NRADJNRCELL-8,create
2026.05.14,MRBTS1012195.xml,1012195,com.nokia.srbts.nrbts:NRADJNRCELL,NRBTSCL25R2_2503_111,MRBTS-1012195/NRBTS-112195/NRADJNRCELL-9,create
2026.05.14,MRBTS1012195.xml,1012195,com.nokia.srbts.nrbts:NRANR,NRBTSCL25R2_2503_111,MRBTS-1012195/NRBTS-112195/NRANR-1,create
2026.05.14,MRBTS1012195.xml,1012195,com.nokia.srbts.nrbts:NRANRPR,NRBTSCL25R2_2503_111,MRBTS-1012195/NRBTS-112195/NRANRPR-1,create
2026.05.14,MRBTS1012195.xml,1012195,com.nokia.srbts.nrbts:NRCELL,NRBTSCL25R2_2503_111,MRBTS-1012195/NRBTS-112195/NRCELL-11,create
2026.05.14,MRBTS1012195.xml,1012195,com.nokia.srbts.nrbts:NRREL,NRBTSCL25R2_2503_111,MRBTS-1012195/NRBTS-112195/NRCELL-11/NRREL-1,create
2026.05.14,MRBTS1012195.xml,1012195,com.nokia.srbts.nrbts:NRREL,NRBTSCL25R2_2503_111,MRBTS-1012195/NRBTS-112195/NRCELL-11/NRREL-10,create
2026.05.14,MRBTS1012195.xml,1012195,com.nokia.srbts.nrbts:NRREL,NRBTSCL25R2_2503_111,MRBTS-1012195/NRBTS-112195/NRCELL-11/NRREL-11,create
2026.05.14,MRBTS1012195.xml,1012195,com.nokia.srbts.nrbts:NRREL,NRBTSCL25R2_2503_111,MRBTS-1012195/NRBTS-112195/NRCELL-11/NRREL-12,create
2026.05.14,MRBTS1012195.xml,1012195,com.nokia.srbts.nrbts:NRREL,NRBTSCL25R2_2503_111,MRBTS-1012195/NRBTS-112195/NRCELL-11/NRREL-13,create
2026.05.14,MRBTS1012195.xml,1012195,com.nokia.srbts.nrbts:NRREL,NRBTSCL25R2_2503_111,MRBTS-1012195/NRBTS-112195/NRCELL-11/NRREL-14,create
2026.05.14,MRBTS1012195.xml,1012195,com.nokia.srbts.nrbts:NRREL,NRBTSCL25R2_2503_111,MRBTS-1012195/NRBTS-112195/NRCELL-11/NRREL-15,create
2026.05.14,MRBTS1012195.xml,1012195,com.nokia.srbts.nrbts:NRREL,NRBTSCL25R2_2503_111,MRBTS-1012195/NRBTS-112195/NRCELL-11/NRREL-16,create
2026.05.14,MRBTS1012195.xml,1012195,com.nokia.srbts.nrbts:NRREL,NRBTSCL25R2_2503_111,MRBTS-1012195/NRBTS-112195/NRCELL-11/NRREL-17,create
2026.05.14,MRBTS1012195.xml,1012195,com.nokia.srbts.nrbts:NRREL,NRBTSCL25R2_2503_111,MRBTS-1012195/NRBTS-112195/NRCELL-11/NRREL-18,create
2026.05.14,MRBTS1012195.xml,1012195,com.nokia.srbts.nrbts:NRREL,NRBTSCL25R2_2503_111,MRBTS-1012195/NRBTS-112195/NRCELL-11/NRREL-19,create
2026.05.14,MRBTS1012195.xml,1012195,com.nokia.srbts.nrbts:NRREL,NRBTSCL25R2_2503_111,MRBTS-1012195/NRBTS-112195/NRCELL-11/NRREL-2,create
2026.05.14,MRBTS1012195.xml,1012195,com.nokia.srbts.nrbts:NRREL,NRBTSCL25R2_2503_111,MRBTS-1012195/NRBTS-112195/NRCELL-11/NRREL-20,create
2026.05.14,MRBTS1012195.xml,1012195,com.nokia.srbts.nrbts:NRREL,NRBTSCL25R2_2503_111,MRBTS-1012195/NRBTS-112195/NRCELL-11/NRREL-21,create
2026.05.14,MRBTS1012195.xml,1012195,com.nokia.srbts.nrbts:NRREL,NRBTSCL25R2_2503_111,MRBTS-1012195/NRBTS-112195/NRCELL-11/NRREL-22,create
2026.05.14,MRBTS1012195.xml,1012195,com.nokia.srbts.nrbts:NRREL,NRBTSCL25R2_2503_111,MRBTS-1012195/NRBTS-112195/NRCELL-11/NRREL-23,create
2026.05.14,MRBTS1012195.xml,1012195,com.nokia.srbts.nrbts:NRREL,NRBTSCL25R2_2503_111,MRBTS-1012195/NRBTS-112195/NRCELL-11/NRREL-232,create
2026.05.14,MRBTS1012195.xml,1012195,com.nokia.srbts.nrbts:NRREL,NRBTSCL25R2_2503_111,MRBTS-1012195/NRBTS-112195/NRCELL-11/NRREL-233,create
2026.05.14,MRBTS1012195.xml,1012195,com.nokia.srbts.nrbts:NRREL,NRBTSCL25R2_2503_111,MRBTS-1012195/NRBTS-112195/NRCELL-11/NRREL-234,create
2026.05.14,MRBTS1012195.xml,1012195,com.nokia.srbts.nrbts:NRREL,NRBTSCL25R2_2503_111,MRBTS-1012195/NRBTS-112195/NRCELL-11/NRREL-235,create
2026.05.14,MRBTS1012195.xml,1012195,com.nokia.srbts.nrbts:NRREL,NRBTSCL25R2_2503_111,MRBTS-1012195/NRBTS-112195/NRCELL-11/NRREL-236,create
2026.05.14,MRBTS1012195.xml,1012195,com.nokia.srbts.nrbts:NRREL,NRBTSCL25R2_2503_111,MRBTS-1012195/NRBTS-112195/NRCELL-11/NRREL-237,create
2026.05.14,MRBTS1012195.xml,1012195,com.nokia.srbts.nrbts:NRREL,NRBTSCL25R2_2503_111,MRBTS-1012195/NRBTS-112195/NRCELL-11/NRREL-238,create
2026.05.14,MRBTS1012195.xml,1012195,com.nokia.srbts.nrbts:NRREL,NRBTSCL25R2_2503_111,MRBTS-1012195/NRBTS-112195/NRCELL-11/NRREL-239,create
2026.05.14,MRBTS1012195.xml,1012195,com.nokia.srbts.nrbts:NRREL,NRBTSCL25R2_2503_111,MRBTS-1012195/NRBTS-112195/NRCELL-11/NRREL-240,create
2026.05.14,MRBTS1012195.xml,1012195,com.nokia.srbts.nrbts:NRREL,NRBTSCL25R2_2503_111,MRBTS-1012195/NRBTS-112195/NRCELL-11/NRREL-241,create
2026.05.14,MRBTS1012195.xml,1012195,com.nokia.srbts.nrbts:NRREL,NRBTSCL25R2_2503_111,MRBTS-1012195/NRBTS-112195/NRCELL-11/NRREL-242,create
2026.05.14,MRBTS1012195.xml,1012195,com.nokia.srbts.nrbts:NRREL,NRBTSCL25R2_2503_111,MRBTS-1012195/NRBTS-112195/NRCELL-11/NRREL-244,create
2026.05.14,MRBTS1012195.xml,1012195,com.nokia.srbts.nrbts:NRREL,NRBTSCL25R2_2503_111,MRBTS-1012195/NRBTS-112195/NRCELL-11/NRREL-245,create
2026.05.14,MRBTS1012195.xml,1012195,com.nokia.srbts.nrbts:NRREL,NRBTSCL25R2_2503_111,MRBTS-1012195/NRBTS-112195/NRCELL-11/NRREL-246,create
2026.05.14,MRBTS1012195.xml,1012195,com.nokia.srbts.nrbts:NRREL,NRBTSCL25R2_2503_111,MRBTS-1012195/NRBTS-112195/NRCELL-11/NRREL-247,create
2026.05.14,MRBTS1012195.xml,1012195,com.nokia.srbts.nrbts:NRREL,NRBTSCL25R2_2503_111,MRBTS-1012195/NRBTS-112195/NRCELL-11/NRREL-248,create
2026.05.14,MRBTS1012195.xml,1012195,com.nokia.srbts.nrbts:NRREL,NRBTSCL25R2_2503_111,MRBTS-1012195/NRBTS-112195/NRCELL-11/NRREL-249,create
2026.05.14,MRBTS1012195.xml,1012195,com.nokia.srbts.nrbts:NRREL,NRBTSCL25R2_2503_111,MRBTS-1012195/NRBTS-112195/NRCELL-11/NRREL-250,create
2026.05.14,MRBTS1012195.xml,1012195,com.nokia.srbts.nrbts:NRREL,NRBTSCL25R2_2503_111,MRBTS-1012195/NRBTS-112195/NRCELL-11/NRREL-251,create
2026.05.14,MRBTS1012195.xml,1012195,com.nokia.srbts.nrbts:NRREL,NRBTSCL25R2_2503_111,MRBTS-1012195/NRBTS-112195/NRCELL-11/NRREL-252,create
2026.05.14,MRBTS1012195.xml,1012195,com.nokia.srbts.nrbts:NRREL,NRBTSCL25R2_2503_111,MRBTS-1012195/NRBTS-112195/NRCELL-11/NRREL-253,create
2026.05.14,MRBTS1012195.xml,1012195,com.nokia.srbts.nrbts:NRREL,NRBTSCL25R2_2503_111,MRBTS-1012195/NRBTS-112195/NRCELL-11/NRREL-254,create
2026.05.14,MRBTS1012195.xml,1012195,com.nokia.srbts.nrbts:NRREL,NRBTSCL25R2_2503_111,MRBTS-1012195/NRBTS-112195/NRCELL-11/NRREL-255,create
2026.05.14,MRBTS1012195.xml,1012195,com.nokia.srbts.nrbts:NRREL,NRBTSCL25R2_2503_111,MRBTS-1012195/NRBTS-112195/NRCELL-11/NRREL-256,create
2026.05.14,MRBTS1012195.xml,1012195,com.nokia.srbts.nrbts:NRREL,NRBTSCL25R2_2503_111,MRBTS-1012195/NRBTS-112195/NRCELL-11/NRREL-3,create
2026.05.14,MRBTS1012195.xml,1012195,com.nokia.srbts.nrbts:NRREL,NRBTSCL25R2_2503_111,MRBTS-1012195/NRBTS-112195/NRCELL-11/NRREL-4,create
2026.05.14,MRBTS1012195.xml,1012195,com.nokia.srbts.nrbts:NRREL,NRBTSCL25R2_2503_111,MRBTS-1012195/NRBTS-112195/NRCELL-11/NRREL-5,create
2026.05.14,MRBTS1012195.xml,1012195,com.nokia.srbts.nrbts:NRREL,NRBTSCL25R2_2503_111,MRBTS-1012195/NRBTS-112195/NRCELL-11/NRREL-6,create
2026.05.14,MRBTS1012195.xml,1012195,com.nokia.srbts.nrbts:NRREL,NRBTSCL25R2_2503_111,MRBTS-1012195/NRBTS-112195/NRCELL-11/NRREL-7,create
2026.05.14,MRBTS1012195.xml,1012195,com.nokia.srbts.nrbts:NRREL,NRBTSCL25R2_2503_111,MRBTS-1012195/NRBTS-112195/NRCELL-11/NRREL-8,create
2026.05.14,MRBTS1012195.xml,1012195,com.nokia.srbts.nrbts:NRREL,NRBTSCL25R2_2503_111,MRBTS-1012195/NRBTS-112195/NRCELL-11/NRREL-9,create
2026.05.14,MRBTS1012195.xml,1012195,com.nokia.srbts.nrbts:NRCELL,NRBTSCL25R2_2503_111,MRBTS-1012195/NRBTS-112195/NRCELL-12,create
2026.05.14,MRBTS1012195.xml,1012195,com.nokia.srbts.nrbts:NRREL,NRBTSCL25R2_2503_111,MRBTS-1012195/NRBTS-112195/NRCELL-12/NRREL-1,create
2026.05.14,MRBTS1012195.xml,1012195,com.nokia.srbts.nrbts:NRREL,NRBTSCL25R2_2503_111,MRBTS-1012195/NRBTS-112195/NRCELL-12/NRREL-10,create
2026.05.14,MRBTS1012195.xml,1012195,com.nokia.srbts.nrbts:NRREL,NRBTSCL25R2_2503_111,MRBTS-1012195/NRBTS-112195/NRCELL-12/NRREL-11,create
2026.05.14,MRBTS1012195.xml,1012195,com.nokia.srbts.nrbts:NRREL,NRBTSCL25R2_2503_111,MRBTS-1012195/NRBTS-112195/NRCELL-12/NRREL-12,create
2026.05.14,MRBTS1012195.xml,1012195,com.nokia.srbts.nrbts:NRREL,NRBTSCL25R2_2503_111,MRBTS-1012195/NRBTS-112195/NRCELL-12/NRREL-13,create
2026.05.14,MRBTS1012195.xml,1012195,com.nokia.srbts.nrbts:NRREL,NRBTSCL25R2_2503_111,MRBTS-1012195/NRBTS-112195/NRCELL-12/NRREL-14,create
2026.05.14,MRBTS1012195.xml,1012195,com.nokia.srbts.nrbts:NRREL,NRBTSCL25R2_2503_111,MRBTS-1012195/NRBTS-112195/NRCELL-12/NRREL-15,create
2026.05.14,MRBTS1012195.xml,1012195,com.nokia.srbts.nrbts:NRREL,NRBTSCL25R2_2503_111,MRBTS-1012195/NRBTS-112195/NRCELL-12/NRREL-16,create
2026.05.14,MRBTS1012195.xml,1012195,com.nokia.srbts.nrbts:NRREL,NRBTSCL25R2_2503_111,MRBTS-1012195/NRBTS-112195/NRCELL-12/NRREL-17,create
2026.05.14,MRBTS1012195.xml,1012195,com.nokia.srbts.nrbts:NRREL,NRBTSCL25R2_2503_111,MRBTS-1012195/NRBTS-112195/NRCELL-12/NRREL-18,create
2026.05.14,MRBTS1012195.xml,1012195,com.nokia.srbts.nrbts:NRREL,NRBTSCL25R2_2503_111,MRBTS-1012195/NRBTS-112195/NRCELL-12/NRREL-19,create
2026.05.14,MRBTS1012195.xml,1012195,com.nokia.srbts.nrbts:NRREL,NRBTSCL25R2_2503_111,MRBTS-1012195/NRBTS-112195/NRCELL-12/NRREL-199,create
2026.05.14,MRBTS1012195.xml,1012195,com.nokia.srbts.nrbts:NRREL,NRBTSCL25R2_2503_111,MRBTS-1012195/NRBTS-112195/NRCELL-12/NRREL-2,create
2026.05.14,MRBTS1012195.xml,1012195,com.nokia.srbts.nrbts:NRREL,NRBTSCL25R2_2503_111,MRBTS-1012195/NRBTS-112195/NRCELL-12/NRREL-20,create
2026.05.14,MRBTS1012195.xml,1012195,com.nokia.srbts.nrbts:NRREL,NRBTSCL25R2_2503_111,MRBTS-1012195/NRBTS-112195/NRCELL-12/NRREL-201,create
2026.05.14,MRBTS1012195.xml,1012195,com.nokia.srbts.nrbts:NRREL,NRBTSCL25R2_2503_111,MRBTS-1012195/NRBTS-112195/NRCELL-12/NRREL-202,create
2026.05.14,MRBTS1012195.xml,1012195,com.nokia.srbts.nrbts:NRREL,NRBTSCL25R2_2503_111,MRBTS-1012195/NRBTS-112195/NRCELL-12/NRREL-204,create
2026.05.14,MRBTS1012195.xml,1012195,com.nokia.srbts.nrbts:NRREL,NRBTSCL25R2_2503_111,MRBTS-1012195/NRBTS-112195/NRCELL-12/NRREL-205,create
2026.05.14,MRBTS1012195.xml,1012195,com.nokia.srbts.nrbts:NRREL,NRBTSCL25R2_2503_111,MRBTS-1012195/NRBTS-112195/NRCELL-12/NRREL-206,create
2026.05.14,MRBTS1012195.xml,1012195,com.nokia.srbts.nrbts:NRREL,NRBTSCL25R2_2503_111,MRBTS-1012195/NRBTS-112195/NRCELL-12/NRREL-207,create
2026.05.14,MRBTS1012195.xml,1012195,com.nokia.srbts.nrbts:NRREL,NRBTSCL25R2_2503_111,MRBTS-1012195/NRBTS-112195/NRCELL-12/NRREL-208,create
2026.05.14,MRBTS1012195.xml,1012195,com.nokia.srbts.nrbts:NRREL,NRBTSCL25R2_2503_111,MRBTS-1012195/NRBTS-112195/NRCELL-12/NRREL-209,create
2026.05.14,MRBTS1012195.xml,1012195,com.nokia.srbts.nrbts:NRREL,NRBTSCL25R2_2503_111,MRBTS-1012195/NRBTS-112195/NRCELL-12/NRREL-21,create
2026.05.14,MRBTS1012195.xml,1012195,com.nokia.srbts.nrbts:NRREL,NRBTSCL25R2_2503_111,MRBTS-1012195/NRBTS-112195/NRCELL-12/NRREL-210,create
2026.05.14,MRBTS1012195.xml,1012195,com.nokia.srbts.nrbts:NRREL,NRBTSCL25R2_2503_111,MRBTS-1012195/NRBTS-112195/NRCELL-12/NRREL-211,create
2026.05.14,MRBTS1012195.xml,1012195,com.nokia.srbts.nrbts:NRREL,NRBTSCL25R2_2503_111,MRBTS-1012195/NRBTS-112195/NRCELL-12/NRREL-212,create
2026.05.14,MRBTS1012195.xml,1012195,com.nokia.srbts.nrbts:NRREL,NRBTSCL25R2_2503_111,MRBTS-1012195/NRBTS-112195/NRCELL-12/NRREL-213,create
2026.05.14,MRBTS1012195.xml,1012195,com.nokia.srbts.nrbts:NRREL,NRBTSCL25R2_2503_111,MRBTS-1012195/NRBTS-112195/NRCELL-12/NRREL-214,create
2026.05.14,MRBTS1012195.xml,1012195,com.nokia.srbts.nrbts:NRREL,NRBTSCL25R2_2503_111,MRBTS-1012195/NRBTS-112195/NRCELL-12/NRREL-215,create
2026.05.14,MRBTS1012195.xml,1012195,com.nokia.srbts.nrbts:NRREL,NRBTSCL25R2_2503_111,MRBTS-1012195/NRBTS-112195/NRCELL-12/NRREL-216,create
2026.05.14,MRBTS1012195.xml,1012195,com.nokia.srbts.nrbts:NRREL,NRBTSCL25R2_2503_111,MRBTS-1012195/NRBTS-112195/NRCELL-12/NRREL-217,create
2026.05.14,MRBTS1012195.xml,1012195,com.nokia.srbts.nrbts:NRREL,NRBTSCL25R2_2503_111,MRBTS-1012195/NRBTS-112195/NRCELL-12/NRREL-218,create
2026.05.14,MRBTS1012195.xml,1012195,com.nokia.srbts.nrbts:NRREL,NRBTSCL25R2_2503_111,MRBTS-1012195/NRBTS-112195/NRCELL-12/NRREL-219,create
2026.05.14,MRBTS1012195.xml,1012195,com.nokia.srbts.nrbts:NRREL,NRBTSCL25R2_2503_111,MRBTS-1012195/NRBTS-112195/NRCELL-12/NRREL-22,create
2026.05.14,MRBTS1012195.xml,1012195,com.nokia.srbts.nrbts:NRREL,NRBTSCL25R2_2503_111,MRBTS-1012195/NRBTS-112195/NRCELL-12/NRREL-220,create
2026.05.14,MRBTS1012195.xml,1012195,com.nokia.srbts.nrbts:NRREL,NRBTSCL25R2_2503_111,MRBTS-1012195/NRBTS-112195/NRCELL-12/NRREL-221,create
2026.05.14,MRBTS1012195.xml,1012195,com.nokia.srbts.nrbts:NRREL,NRBTSCL25R2_2503_111,MRBTS-1012195/NRBTS-112195/NRCELL-12/NRREL-222,create
2026.05.14,MRBTS1012195.xml,1012195,com.nokia.srbts.nrbts:NRREL,NRBTSCL25R2_2503_111,MRBTS-1012195/NRBTS-112195/NRCELL-12/NRREL-223,create
2026.05.14,MRBTS1012195.xml,1012195,com.nokia.srbts.nrbts:NRREL,NRBTSCL25R2_2503_111,MRBTS-1012195/NRBTS-112195/NRCELL-12/NRREL-224,create
2026.05.14,MRBTS1012195.xml,1012195,com.nokia.srbts.nrbts:NRREL,NRBTSCL25R2_2503_111,MRBTS-1012195/NRBTS-112195/NRCELL-12/NRREL-225,create
2026.05.14,MRBTS1012195.xml,1012195,com.nokia.srbts.nrbts:NRREL,NRBTSCL25R2_2503_111,MRBTS-1012195/NRBTS-112195/NRCELL-12/NRREL-226,create
2026.05.14,MRBTS1012195.xml,1012195,com.nokia.srbts.nrbts:NRREL,NRBTSCL25R2_2503_111,MRBTS-1012195/NRBTS-112195/NRCELL-12/NRREL-227,create
2026.05.14,MRBTS1012195.xml,1012195,com.nokia.srbts.nrbts:NRREL,NRBTSCL25R2_2503_111,MRBTS-1012195/NRBTS-112195/NRCELL-12/NRREL-228,create
2026.05.14,MRBTS1012195.xml,1012195,com.nokia.srbts.nrbts:NRREL,NRBTSCL25R2_2503_111,MRBTS-1012195/NRBTS-112195/NRCELL-12/NRREL-229,create
2026.05.14,MRBTS1012195.xml,1012195,com.nokia.srbts.nrbts:NRREL,NRBTSCL25R2_2503_111,MRBTS-1012195/NRBTS-112195/NRCELL-12/NRREL-23,create
2026.05.14,MRBTS1012195.xml,1012195,com.nokia.srbts.nrbts:NRREL,NRBTSCL25R2_2503_111,MRBTS-1012195/NRBTS-112195/NRCELL-12/NRREL-230,create
2026.05.14,MRBTS1012195.xml,1012195,com.nokia.srbts.nrbts:NRREL,NRBTSCL25R2_2503_111,MRBTS-1012195/NRBTS-112195/NRCELL-12/NRREL-231,create
2026.05.14,MRBTS1012195.xml,1012195,com.nokia.srbts.nrbts:NRREL,NRBTSCL25R2_2503_111,MRBTS-1012195/NRBTS-112195/NRCELL-12/NRREL-232,create
2026.05.14,MRBTS1012195.xml,1012195,com.nokia.srbts.nrbts:NRREL,NRBTSCL25R2_2503_111,MRBTS-1012195/NRBTS-112195/NRCELL-12/NRREL-233,create
2026.05.14,MRBTS1012195.xml,1012195,com.nokia.srbts.nrbts:NRREL,NRBTSCL25R2_2503_111,MRBTS-1012195/NRBTS-112195/NRCELL-12/NRREL-234,create
2026.05.14,MRBTS1012195.xml,1012195,com.nokia.srbts.nrbts:NRREL,NRBTSCL25R2_2503_111,MRBTS-1012195/NRBTS-112195/NRCELL-12/NRREL-235,create
2026.05.14,MRBTS1012195.xml,1012195,com.nokia.srbts.nrbts:NRREL,NRBTSCL25R2_2503_111,MRBTS-1012195/NRBTS-112195/NRCELL-12/NRREL-236,create
2026.05.14,MRBTS1012195.xml,1012195,com.nokia.srbts.nrbts:NRREL,NRBTSCL25R2_2503_111,MRBTS-1012195/NRBTS-112195/NRCELL-12/NRREL-237,create
2026.05.14,MRBTS1012195.xml,1012195,com.nokia.srbts.nrbts:NRREL,NRBTSCL25R2_2503_111,MRBTS-1012195/NRBTS-112195/NRCELL-12/NRREL-238,create
2026.05.14,MRBTS1012195.xml,1012195,com.nokia.srbts.nrbts:NRREL,NRBTSCL25R2_2503_111,MRBTS-1012195/NRBTS-112195/NRCELL-12/NRREL-239,create
2026.05.14,MRBTS1012195.xml,1012195,com.nokia.srbts.nrbts:NRREL,NRBTSCL25R2_2503_111,MRBTS-1012195/NRBTS-112195/NRCELL-12/NRREL-240,create
2026.05.14,MRBTS1012195.xml,1012195,com.nokia.srbts.nrbts:NRREL,NRBTSCL25R2_2503_111,MRBTS-1012195/NRBTS-112195/NRCELL-12/NRREL-241,create
2026.05.14,MRBTS1012195.xml,1012195,com.nokia.srbts.nrbts:NRREL,NRBTSCL25R2_2503_111,MRBTS-1012195/NRBTS-112195/NRCELL-12/NRREL-242,create
2026.05.14,MRBTS1012195.xml,1012195,com.nokia.srbts.nrbts:NRREL,NRBTSCL25R2_2503_111,MRBTS-1012195/NRBTS-112195/NRCELL-12/NRREL-243,create
2026.05.14,MRBTS1012195.xml,1012195,com.nokia.srbts.nrbts:NRREL,NRBTSCL25R2_2503_111,MRBTS-1012195/NRBTS-112195/NRCELL-12/NRREL-244,create
2026.05.14,MRBTS1012195.xml,1012195,com.nokia.srbts.nrbts:NRREL,NRBTSCL25R2_2503_111,MRBTS-1012195/NRBTS-112195/NRCELL-12/NRREL-245,create
2026.05.14,MRBTS1012195.xml,1012195,com.nokia.srbts.nrbts:NRREL,NRBTSCL25R2_2503_111,MRBTS-1012195/NRBTS-112195/NRCELL-12/NRREL-246,create
2026.05.14,MRBTS1012195.xml,1012195,com.nokia.srbts.nrbts:NRREL,NRBTSCL25R2_2503_111,MRBTS-1012195/NRBTS-112195/NRCELL-12/NRREL-247,create
2026.05.14,MRBTS1012195.xml,1012195,com.nokia.srbts.nrbts:NRREL,NRBTSCL25R2_2503_111,MRBTS-1012195/NRBTS-112195/NRCELL-12/NRREL-248,create
2026.05.14,MRBTS1012195.xml,1012195,com.nokia.srbts.nrbts:NRREL,NRBTSCL25R2_2503_111,MRBTS-1012195/NRBTS-112195/NRCELL-12/NRREL-249,create
2026.05.14,MRBTS1012195.xml,1012195,com.nokia.srbts.nrbts:NRREL,NRBTSCL25R2_2503_111,MRBTS-1012195/NRBTS-112195/NRCELL-12/NRREL-250,create
2026.05.14,MRBTS1012195.xml,1012195,com.nokia.srbts.nrbts:NRREL,NRBTSCL25R2_2503_111,MRBTS-1012195/NRBTS-112195/NRCELL-12/NRREL-251,create
2026.05.14,MRBTS1012195.xml,1012195,com.nokia.srbts.nrbts:NRREL,NRBTSCL25R2_2503_111,MRBTS-1012195/NRBTS-112195/NRCELL-12/NRREL-252,create
2026.05.14,MRBTS1012195.xml,1012195,com.nokia.srbts.nrbts:NRREL,NRBTSCL25R2_2503_111,MRBTS-1012195/NRBTS-112195/NRCELL-12/NRREL-253,create
2026.05.14,MRBTS1012195.xml,1012195,com.nokia.srbts.nrbts:NRREL,NRBTSCL25R2_2503_111,MRBTS-1012195/NRBTS-112195/NRCELL-12/NRREL-254,create
2026.05.14,MRBTS1012195.xml,1012195,com.nokia.srbts.nrbts:NRREL,NRBTSCL25R2_2503_111,MRBTS-1012195/NRBTS-112195/NRCELL-12/NRREL-255,create
2026.05.14,MRBTS1012195.xml,1012195,com.nokia.srbts.nrbts:NRREL,NRBTSCL25R2_2503_111,MRBTS-1012195/NRBTS-112195/NRCELL-12/NRREL-256,create
2026.05.14,MRBTS1012195.xml,1012195,com.nokia.srbts.nrbts:NRREL,NRBTSCL25R2_2503_111,MRBTS-1012195/NRBTS-112195/NRCELL-12/NRREL-3,create
2026.05.14,MRBTS1012195.xml,1012195,com.nokia.srbts.nrbts:NRREL,NRBTSCL25R2_2503_111,MRBTS-1012195/NRBTS-112195/NRCELL-12/NRREL-4,create
2026.05.14,MRBTS1012195.xml,1012195,com.nokia.srbts.nrbts:NRREL,NRBTSCL25R2_2503_111,MRBTS-1012195/NRBTS-112195/NRCELL-12/NRREL-5,create
2026.05.14,MRBTS1012195.xml,1012195,com.nokia.srbts.nrbts:NRREL,NRBTSCL25R2_2503_111,MRBTS-1012195/NRBTS-112195/NRCELL-12/NRREL-6,create
2026.05.14,MRBTS1012195.xml,1012195,com.nokia.srbts.nrbts:NRREL,NRBTSCL25R2_2503_111,MRBTS-1012195/NRBTS-112195/NRCELL-12/NRREL-7,create
2026.05.14,MRBTS1012195.xml,1012195,com.nokia.srbts.nrbts:NRREL,NRBTSCL25R2_2503_111,MRBTS-1012195/NRBTS-112195/NRCELL-12/NRREL-8,create
2026.05.14,MRBTS1012195.xml,1012195,com.nokia.srbts.nrbts:NRREL,NRBTSCL25R2_2503_111,MRBTS-1012195/NRBTS-112195/NRCELL-12/NRREL-9,create
2026.05.14,MRBTS1012195.xml,1012195,com.nokia.srbts.nrbts:NRCELL,NRBTSCL25R2_2503_111,MRBTS-1012195/NRBTS-112195/NRCELL-13,create
2026.05.14,MRBTS1012195.xml,1012195,com.nokia.srbts.nrbts:NRREL,NRBTSCL25R2_2503_111,MRBTS-1012195/NRBTS-112195/NRCELL-13/NRREL-1,create
2026.05.14,MRBTS1012195.xml,1012195,com.nokia.srbts.nrbts:NRREL,NRBTSCL25R2_2503_111,MRBTS-1012195/NRBTS-112195/NRCELL-13/NRREL-10,create
2026.05.14,MRBTS1012195.xml,1012195,com.nokia.srbts.nrbts:NRREL,NRBTSCL25R2_2503_111,MRBTS-1012195/NRBTS-112195/NRCELL-13/NRREL-11,create
2026.05.14,MRBTS1012195.xml,1012195,com.nokia.srbts.nrbts:NRREL,NRBTSCL25R2_2503_111,MRBTS-1012195/NRBTS-112195/NRCELL-13/NRREL-12,create
2026.05.14,MRBTS1012195.xml,1012195,com.nokia.srbts.nrbts:NRREL,NRBTSCL25R2_2503_111,MRBTS-1012195/NRBTS-112195/NRCELL-13/NRREL-13,create
2026.05.14,MRBTS1012195.xml,1012195,com.nokia.srbts.nrbts:NRREL,NRBTSCL25R2_2503_111,MRBTS-1012195/NRBTS-112195/NRCELL-13/NRREL-14,create
2026.05.14,MRBTS1012195.xml,1012195,com.nokia.srbts.nrbts:NRREL,NRBTSCL25R2_2503_111,MRBTS-1012195/NRBTS-112195/NRCELL-13/NRREL-15,create
2026.05.14,MRBTS1012195.xml,1012195,com.nokia.srbts.nrbts:NRREL,NRBTSCL25R2_2503_111,MRBTS-1012195/NRBTS-112195/NRCELL-13/NRREL-16,create
2026.05.14,MRBTS1012195.xml,1012195,com.nokia.srbts.nrbts:NRREL,NRBTSCL25R2_2503_111,MRBTS-1012195/NRBTS-112195/NRCELL-13/NRREL-17,create
2026.05.14,MRBTS1012195.xml,1012195,com.nokia.srbts.nrbts:NRREL,NRBTSCL25R2_2503_111,MRBTS-1012195/NRBTS-112195/NRCELL-13/NRREL-18,create
2026.05.14,MRBTS1012195.xml,1012195,com.nokia.srbts.nrbts:NRREL,NRBTSCL25R2_2503_111,MRBTS-1012195/NRBTS-112195/NRCELL-13/NRREL-19,create
2026.05.14,MRBTS1012195.xml,1012195,com.nokia.srbts.nrbts:NRREL,NRBTSCL25R2_2503_111,MRBTS-1012195/NRBTS-112195/NRCELL-13/NRREL-2,create
2026.05.14,MRBTS1012195.xml,1012195,com.nokia.srbts.nrbts:NRREL,NRBTSCL25R2_2503_111,MRBTS-1012195/NRBTS-112195/NRCELL-13/NRREL-20,create
2026.05.14,MRBTS1012195.xml,1012195,com.nokia.srbts.nrbts:NRREL,NRBTSCL25R2_2503_111,MRBTS-1012195/NRBTS-112195/NRCELL-13/NRREL-226,create
2026.05.14,MRBTS1012195.xml,1012195,com.nokia.srbts.nrbts:NRREL,NRBTSCL25R2_2503_111,MRBTS-1012195/NRBTS-112195/NRCELL-13/NRREL-231,create
2026.05.14,MRBTS1012195.xml,1012195,com.nokia.srbts.nrbts:NRREL,NRBTSCL25R2_2503_111,MRBTS-1012195/NRBTS-112195/NRCELL-13/NRREL-232,create
2026.05.14,MRBTS1012195.xml,1012195,com.nokia.srbts.nrbts:NRREL,NRBTSCL25R2_2503_111,MRBTS-1012195/NRBTS-112195/NRCELL-13/NRREL-233,create
2026.05.14,MRBTS1012195.xml,1012195,com.nokia.srbts.nrbts:NRREL,NRBTSCL25R2_2503_111,MRBTS-1012195/NRBTS-112195/NRCELL-13/NRREL-235,create
2026.05.14,MRBTS1012195.xml,1012195,com.nokia.srbts.nrbts:NRREL,NRBTSCL25R2_2503_111,MRBTS-1012195/NRBTS-112195/NRCELL-13/NRREL-237,create
2026.05.14,MRBTS1012195.xml,1012195,com.nokia.srbts.nrbts:NRREL,NRBTSCL25R2_2503_111,MRBTS-1012195/NRBTS-112195/NRCELL-13/NRREL-238,create
2026.05.14,MRBTS1012195.xml,1012195,com.nokia.srbts.nrbts:NRREL,NRBTSCL25R2_2503_111,MRBTS-1012195/NRBTS-112195/NRCELL-13/NRREL-239,create
2026.05.14,MRBTS1012195.xml,1012195,com.nokia.srbts.nrbts:NRREL,NRBTSCL25R2_2503_111,MRBTS-1012195/NRBTS-112195/NRCELL-13/NRREL-240,create
2026.05.14,MRBTS1012195.xml,1012195,com.nokia.srbts.nrbts:NRREL,NRBTSCL25R2_2503_111,MRBTS-1012195/NRBTS-112195/NRCELL-13/NRREL-241,create
2026.05.14,MRBTS1012195.xml,1012195,com.nokia.srbts.nrbts:NRREL,NRBTSCL25R2_2503_111,MRBTS-1012195/NRBTS-112195/NRCELL-13/NRREL-243,create
2026.05.14,MRBTS1012195.xml,1012195,com.nokia.srbts.nrbts:NRREL,NRBTSCL25R2_2503_111,MRBTS-1012195/NRBTS-112195/NRCELL-13/NRREL-244,create
2026.05.14,MRBTS1012195.xml,1012195,com.nokia.srbts.nrbts:NRREL,NRBTSCL25R2_2503_111,MRBTS-1012195/NRBTS-112195/NRCELL-13/NRREL-245,create
2026.05.14,MRBTS1012195.xml,1012195,com.nokia.srbts.nrbts:NRREL,NRBTSCL25R2_2503_111,MRBTS-1012195/NRBTS-112195/NRCELL-13/NRREL-246,create
2026.05.14,MRBTS1012195.xml,1012195,com.nokia.srbts.nrbts:NRREL,NRBTSCL25R2_2503_111,MRBTS-1012195/NRBTS-112195/NRCELL-13/NRREL-247,create
2026.05.14,MRBTS1012195.xml,1012195,com.nokia.srbts.nrbts:NRREL,NRBTSCL25R2_2503_111,MRBTS-1012195/NRBTS-112195/NRCELL-13/NRREL-248,create
2026.05.14,MRBTS1012195.xml,1012195,com.nokia.srbts.nrbts:NRREL,NRBTSCL25R2_2503_111,MRBTS-1012195/NRBTS-112195/NRCELL-13/NRREL-249,create
2026.05.14,MRBTS1012195.xml,1012195,com.nokia.srbts.nrbts:NRREL,NRBTSCL25R2_2503_111,MRBTS-1012195/NRBTS-112195/NRCELL-13/NRREL-251,create
2026.05.14,MRBTS1012195.xml,1012195,com.nokia.srbts.nrbts:NRREL,NRBTSCL25R2_2503_111,MRBTS-1012195/NRBTS-112195/NRCELL-13/NRREL-252,create
2026.05.14,MRBTS1012195.xml,1012195,com.nokia.srbts.nrbts:NRREL,NRBTSCL25R2_2503_111,MRBTS-1012195/NRBTS-112195/NRCELL-13/NRREL-253,create
2026.05.14,MRBTS1012195.xml,1012195,com.nokia.srbts.nrbts:NRREL,NRBTSCL25R2_2503_111,MRBTS-1012195/NRBTS-112195/NRCELL-13/NRREL-254,create
2026.05.14,MRBTS1012195.xml,1012195,com.nokia.srbts.nrbts:NRREL,NRBTSCL25R2_2503_111,MRBTS-1012195/NRBTS-112195/NRCELL-13/NRREL-255,create
2026.05.14,MRBTS1012195.xml,1012195,com.nokia.srbts.nrbts:NRREL,NRBTSCL25R2_2503_111,MRBTS-1012195/NRBTS-112195/NRCELL-13/NRREL-256,create
2026.05.14,MRBTS1012195.xml,1012195,com.nokia.srbts.nrbts:NRREL,NRBTSCL25R2_2503_111,MRBTS-1012195/NRBTS-112195/NRCELL-13/NRREL-3,create
2026.05.14,MRBTS1012195.xml,1012195,com.nokia.srbts.nrbts:NRREL,NRBTSCL25R2_2503_111,MRBTS-1012195/NRBTS-112195/NRCELL-13/NRREL-4,create
2026.05.14,MRBTS1012195.xml,1012195,com.nokia.srbts.nrbts:NRREL,NRBTSCL25R2_2503_111,MRBTS-1012195/NRBTS-112195/NRCELL-13/NRREL-5,create
2026.05.14,MRBTS1012195.xml,1012195,com.nokia.srbts.nrbts:NRREL,NRBTSCL25R2_2503_111,MRBTS-1012195/NRBTS-112195/NRCELL-13/NRREL-6,create
2026.05.14,MRBTS1012195.xml,1012195,com.nokia.srbts.nrbts:NRREL,NRBTSCL25R2_2503_111,MRBTS-1012195/NRBTS-112195/NRCELL-13/NRREL-7,create
2026.05.14,MRBTS1012195.xml,1012195,com.nokia.srbts.nrbts:NRREL,NRBTSCL25R2_2503_111,MRBTS-1012195/NRBTS-112195/NRCELL-13/NRREL-8,create
2026.05.14,MRBTS1012195.xml,1012195,com.nokia.srbts.nrbts:NRREL,NRBTSCL25R2_2503_111,MRBTS-1012195/NRBTS-112195/NRCELL-13/NRREL-9,create
2026.05.14,MRBTS1012195.xml,1012195,com.nokia.srbts.nrbts:NRCELLGRP,NRBTSCL25R2_2503_111,MRBTS-1012195/NRBTS-112195/NRCELLGRP-11,create
2026.05.14,MRBTS1012195.xml,1012195,com.nokia.srbts.nrbts:NRCELLGRP,NRBTSCL25R2_2503_111,MRBTS-1012195/NRBTS-112195/NRCELLGRP-12,create
2026.05.14,MRBTS1012195.xml,1012195,com.nokia.srbts.nrbts:NRCELLGRP,NRBTSCL25R2_2503_111,MRBTS-1012195/NRBTS-112195/NRCELLGRP-13,create
2026.05.14,MRBTS1012195.xml,1012195,com.nokia.srbts.nrbts:NRCTRLTS,NRBTSCL25R2_2503_111,MRBTS-1012195/NRBTS-112195/NRCTRLTS-1,create
2026.05.14,MRBTS1012195.xml,1012195,com.nokia.srbts.nrbts:NRMTRACECU,NRBTSCL25R2_2503_111,MRBTS-1012195/NRBTS-112195/NRCTRLTS-1/NRMTRACECU-1,create
2026.05.14,MRBTS1012195.xml,1012195,com.nokia.srbts.nrbts:NRCUUP,NRBTSCL25R2_2503_111,MRBTS-1012195/NRBTS-112195/NRCUUP-1,create
2026.05.14,MRBTS1012195.xml,1012195,com.nokia.srbts.nrbts:NRDRB,NRBTSCL25R2_2503_111,MRBTS-1012195/NRBTS-112195/NRDRB-1,create
2026.05.14,MRBTS1012195.xml,1012195,com.nokia.srbts.nrbts:NRDRB,NRBTSCL25R2_2503_111,MRBTS-1012195/NRBTS-112195/NRDRB-10,create
2026.05.14,MRBTS1012195.xml,1012195,com.nokia.srbts.nrbts:NRDRB,NRBTSCL25R2_2503_111,MRBTS-1012195/NRBTS-112195/NRDRB-11,create
2026.05.14,MRBTS1012195.xml,1012195,com.nokia.srbts.nrbts:NRDRB,NRBTSCL25R2_2503_111,MRBTS-1012195/NRBTS-112195/NRDRB-12,create
2026.05.14,MRBTS1012195.xml,1012195,com.nokia.srbts.nrbts:NRDRB,NRBTSCL25R2_2503_111,MRBTS-1012195/NRBTS-112195/NRDRB-13,create
2026.05.14,MRBTS1012195.xml,1012195,com.nokia.srbts.nrbts:NRDRB,NRBTSCL25R2_2503_111,MRBTS-1012195/NRBTS-112195/NRDRB-14,create
2026.05.14,MRBTS1012195.xml,1012195,com.nokia.srbts.nrbts:NRDRB,NRBTSCL25R2_2503_111,MRBTS-1012195/NRBTS-112195/NRDRB-2,create
2026.05.14,MRBTS1012195.xml,1012195,com.nokia.srbts.nrbts:NRDRB,NRBTSCL25R2_2503_111,MRBTS-1012195/NRBTS-112195/NRDRB-3,create
2026.05.14,MRBTS1012195.xml,1012195,com.nokia.srbts.nrbts:NRDRB,NRBTSCL25R2_2503_111,MRBTS-1012195/NRBTS-112195/NRDRB-4,create
2026.05.14,MRBTS1012195.xml,1012195,com.nokia.srbts.nrbts:NRDRB,NRBTSCL25R2_2503_111,MRBTS-1012195/NRBTS-112195/NRDRB-5,create
2026.05.14,MRBTS1012195.xml,1012195,com.nokia.srbts.nrbts:NRDRB,NRBTSCL25R2_2503_111,MRBTS-1012195/NRBTS-112195/NRDRB-6,create
2026.05.14,MRBTS1012195.xml,1012195,com.nokia.srbts.nrbts:NRDRB,NRBTSCL25R2_2503_111,MRBTS-1012195/NRBTS-112195/NRDRB-7,create
2026.05.14,MRBTS1012195.xml,1012195,com.nokia.srbts.nrbts:NRDRB,NRBTSCL25R2_2503_111,MRBTS-1012195/NRBTS-112195/NRDRB-8,create
2026.05.14,MRBTS1012195.xml,1012195,com.nokia.srbts.nrbts:NRDRB,NRBTSCL25R2_2503_111,MRBTS-1012195/NRBTS-112195/NRDRB-9,create
2026.05.14,MRBTS1012195.xml,1012195,com.nokia.srbts.nrbts:NRDRB_5QI,NRBTSCL25R2_2503_111,MRBTS-1012195/NRBTS-112195/NRDRB_5QI-1,create
2026.05.14,MRBTS1012195.xml,1012195,com.nokia.srbts.nrbts:NRDRB_5QI,NRBTSCL25R2_2503_111,MRBTS-1012195/NRBTS-112195/NRDRB_5QI-2,create
2026.05.14,MRBTS1012195.xml,1012195,com.nokia.srbts.nrbts:NRDRB_5QI,NRBTSCL25R2_2503_111,MRBTS-1012195/NRBTS-112195/NRDRB_5QI-3,create
2026.05.14,MRBTS1012195.xml,1012195,com.nokia.srbts.nrbts:NRDRB_5QI,NRBTSCL25R2_2503_111,MRBTS-1012195/NRBTS-112195/NRDRB_5QI-4,create
2026.05.14,MRBTS1012195.xml,1012195,com.nokia.srbts.nrbts:NRDRB_5QI,NRBTSCL25R2_2503_111,MRBTS-1012195/NRBTS-112195/NRDRB_5QI-5,create
2026.05.14,MRBTS1012195.xml,1012195,com.nokia.srbts.nrbts:NRDRB_MAC,NRBTSCL25R2_2503_111,MRBTS-1012195/NRBTS-112195/NRDRB_MAC-1,create
2026.05.14,MRBTS1012195.xml,1012195,com.nokia.srbts.nrbts:NRDRB_MAC,NRBTSCL25R2_2503_111,MRBTS-1012195/NRBTS-112195/NRDRB_MAC-2,create
2026.05.14,MRBTS1012195.xml,1012195,com.nokia.srbts.nrbts:NRDRB_PDCP,NRBTSCL25R2_2503_111,MRBTS-1012195/NRBTS-112195/NRDRB_PDCP-1,create
2026.05.14,MRBTS1012195.xml,1012195,com.nokia.srbts.nrbts:NRDRB_PDCP,NRBTSCL25R2_2503_111,MRBTS-1012195/NRBTS-112195/NRDRB_PDCP-2,create
2026.05.14,MRBTS1012195.xml,1012195,com.nokia.srbts.nrbts:NRDRB_QCI,NRBTSCL25R2_2503_111,MRBTS-1012195/NRBTS-112195/NRDRB_QCI-1,create
2026.05.14,MRBTS1012195.xml,1012195,com.nokia.srbts.nrbts:NRDRB_QCI,NRBTSCL25R2_2503_111,MRBTS-1012195/NRBTS-112195/NRDRB_QCI-2,create
2026.05.14,MRBTS1012195.xml,1012195,com.nokia.srbts.nrbts:NRDRB_QCI,NRBTSCL25R2_2503_111,MRBTS-1012195/NRBTS-112195/NRDRB_QCI-3,create
2026.05.14,MRBTS1012195.xml,1012195,com.nokia.srbts.nrbts:NRDRB_QCI,NRBTSCL25R2_2503_111,MRBTS-1012195/NRBTS-112195/NRDRB_QCI-4,create
2026.05.14,MRBTS1012195.xml,1012195,com.nokia.srbts.nrbts:NRDRB_QCI,NRBTSCL25R2_2503_111,MRBTS-1012195/NRBTS-112195/NRDRB_QCI-5,create
2026.05.14,MRBTS1012195.xml,1012195,com.nokia.srbts.nrbts:NRDRB_QCI,NRBTSCL25R2_2503_111,MRBTS-1012195/NRBTS-112195/NRDRB_QCI-6,create
2026.05.14,MRBTS1012195.xml,1012195,com.nokia.srbts.nrbts:NRDRB_QCI,NRBTSCL25R2_2503_111,MRBTS-1012195/NRBTS-112195/NRDRB_QCI-7,create
2026.05.14,MRBTS1012195.xml,1012195,com.nokia.srbts.nrbts:NRDRB_QCI,NRBTSCL25R2_2503_111,MRBTS-1012195/NRBTS-112195/NRDRB_QCI-8,create
2026.05.14,MRBTS1012195.xml,1012195,com.nokia.srbts.nrbts:NRDRB_RLC_AM,NRBTSCL25R2_2503_111,MRBTS-1012195/NRBTS-112195/NRDRB_RLC_AM-1,create
2026.05.14,MRBTS1012195.xml,1012195,com.nokia.srbts.nrbts:NRDRB_RLC_AM,NRBTSCL25R2_2503_111,MRBTS-1012195/NRBTS-112195/NRDRB_RLC_AM-2,create
2026.05.14,MRBTS1012195.xml,1012195,com.nokia.srbts.nrbts:NRDRX,NRBTSCL25R2_2503_111,MRBTS-1012195/NRBTS-112195/NRDRX-0,create
2026.05.14,MRBTS1012195.xml,1012195,com.nokia.srbts.nrbts:NRDRX,NRBTSCL25R2_2503_111,MRBTS-1012195/NRBTS-112195/NRDRX-1,create
2026.05.14,MRBTS1012195.xml,1012195,com.nokia.srbts.nrbts:NRDRX,NRBTSCL25R2_2503_111,MRBTS-1012195/NRBTS-112195/NRDRX-2,create
2026.05.14,MRBTS1012195.xml,1012195,com.nokia.srbts.nrbts:NRDRX,NRBTSCL25R2_2503_111,MRBTS-1012195/NRBTS-112195/NRDRX-3,create
2026.05.14,MRBTS1012195.xml,1012195,com.nokia.srbts.nrbts:NRDRX,NRBTSCL25R2_2503_111,MRBTS-1012195/NRBTS-112195/NRDRX-4,create
2026.05.14,MRBTS1012195.xml,1012195,com.nokia.srbts.nrbts:NRDRX,NRBTSCL25R2_2503_111,MRBTS-1012195/NRBTS-112195/NRDRX-5,create
2026.05.14,MRBTS1012195.xml,1012195,com.nokia.srbts.nrbts:NRDU,NRBTSCL25R2_2503_111,MRBTS-1012195/NRBTS-112195/NRDU-1,create
2026.05.14,MRBTS1012195.xml,1012195,com.nokia.srbts.nrbts:NRGTPU,NRBTSCL25R2_2503_111,MRBTS-1012195/NRBTS-112195/NRGTPU-1,create
2026.05.14,MRBTS1012195.xml,1012195,com.nokia.srbts.nrbts:NRPLMN,NRBTSCL25R2_2503_111,MRBTS-1012195/NRBTS-112195/NRPLMN-1,create
2026.05.14,MRBTS1012195.xml,1012195,com.nokia.srbts.nrbts:NRPMRNL,NRBTSCL25R2_2503_111,MRBTS-1012195/NRBTS-112195/NRPMRNL-1,create
2026.05.14,MRBTS1012195.xml,1012195,com.nokia.srbts.nrbts:NRPMCCP,NRBTSCL25R2_2503_111,MRBTS-1012195/NRBTS-112195/NRPMRNL-1/NRPMCCP-1,create
2026.05.14,MRBTS1012195.xml,1012195,com.nokia.srbts.nrbts:NRPMQAP,NRBTSCL25R2_2503_111,MRBTS-1012195/NRBTS-112195/NRPMRNL-1/NRPMQAP-10,create
2026.05.14,MRBTS1012195.xml,1012195,com.nokia.srbts.nrbts:NRPMQAP,NRBTSCL25R2_2503_111,MRBTS-1012195/NRBTS-112195/NRPMRNL-1/NRPMQAP-15,create
2026.05.14,MRBTS1012195.xml,1012195,com.nokia.srbts.nrbts:NRPMQAP,NRBTSCL25R2_2503_111,MRBTS-1012195/NRBTS-112195/NRPMRNL-1/NRPMQAP-18,create
2026.05.14,MRBTS1012195.xml,1012195,com.nokia.srbts.nrbts:NRPMQAP,NRBTSCL25R2_2503_111,MRBTS-1012195/NRBTS-112195/NRPMRNL-1/NRPMQAP-19,create
2026.05.14,MRBTS1012195.xml,1012195,com.nokia.srbts.nrbts:NRPMQAP,NRBTSCL25R2_2503_111,MRBTS-1012195/NRBTS-112195/NRPMRNL-1/NRPMQAP-20,create
2026.05.14,MRBTS1012195.xml,1012195,com.nokia.srbts.nrbts:NRPMQAP,NRBTSCL25R2_2503_111,MRBTS-1012195/NRBTS-112195/NRPMRNL-1/NRPMQAP-6,create
2026.05.14,MRBTS1012195.xml,1012195,com.nokia.srbts.nrbts:NRPMQAP,NRBTSCL25R2_2503_111,MRBTS-1012195/NRBTS-112195/NRPMRNL-1/NRPMQAP-7,create
2026.05.14,MRBTS1012195.xml,1012195,com.nokia.srbts.nrbts:NRPMQAP,NRBTSCL25R2_2503_111,MRBTS-1012195/NRBTS-112195/NRPMRNL-1/NRPMQAP-8,create
2026.05.14,MRBTS1012195.xml,1012195,com.nokia.srbts.nrbts:NRPMQAP,NRBTSCL25R2_2503_111,MRBTS-1012195/NRBTS-112195/NRPMRNL-1/NRPMQAP-9,create
2026.05.14,MRBTS1012195.xml,1012195,com.nokia.srbts.nrbts:NRRFSP_PROFILE,NRBTSCL25R2_2503_111,MRBTS-1012195/NRBTS-112195/NRRFSP_PROFILE-1,create
2026.05.14,MRBTS1012195.xml,1012195,com.nokia.srbts.nrbts:NRSCTP,NRBTSCL25R2_2503_111,MRBTS-1012195/NRBTS-112195/NRSCTP-1,create
2026.05.14,MRBTS1012195.xml,1012195,com.nokia.srbts.nrbts:NRSPID_PROFILE,NRBTSCL25R2_2503_111,MRBTS-1012195/NRBTS-112195/NRSPID_PROFILE-1,create
2026.05.14,MRBTS1012195.xml,1012195,com.nokia.srbts.nrbts:NRSYSINFO_PROFILE_NSA,NRBTSCL25R2_2503_111,MRBTS-1012195/NRBTS-112195/NRSYSINFO_PROFILE_NSA-1,create
2026.05.14,MRBTS1012195.xml,1012195,com.nokia.srbts.nrbts:NRULCLPC_PROFILE,NRBTSCL25R2_2503_111,MRBTS-1012195/NRBTS-112195/NRULCLPC_PROFILE-1,create
2026.05.14,MRBTS1012195.xml,1012195,com.nokia.srbts.nrbts:NRX2LINK_TRUST,NRBTSCL25R2_2503_111,MRBTS-1012195/NRBTS-112195/NRX2LINK_TRUST-257,create
2026.05.14,MRBTS1012195.xml,1012195,com.nokia.srbts.nrbts:NRX2LINK_TRUST,NRBTSCL25R2_2503_111,MRBTS-1012195/NRBTS-112195/NRX2LINK_TRUST-258,create
2026.05.14,MRBTS1012195.xml,1012195,com.nokia.srbts.nrbts:NRX2LINK_TRUST,NRBTSCL25R2_2503_111,MRBTS-1012195/NRBTS-112195/NRX2LINK_TRUST-259,create
2026.05.14,MRBTS1012195.xml,1012195,com.nokia.srbts.nrbts:NRX2LINK_TRUST,NRBTSCL25R2_2503_111,MRBTS-1012195/NRBTS-112195/NRX2LINK_TRUST-260,create
2026.05.14,MRBTS1012195.xml,1012195,com.nokia.srbts.nrbts:NRX2LINK_TRUST,NRBTSCL25R2_2503_111,MRBTS-1012195/NRBTS-112195/NRX2LINK_TRUST-261,create
2026.05.14,MRBTS1012195.xml,1012195,com.nokia.srbts.nrbts:NRX2LINK_TRUST,NRBTSCL25R2_2503_111,MRBTS-1012195/NRBTS-112195/NRX2LINK_TRUST-262,create
2026.05.14,MRBTS1012195.xml,1012195,com.nokia.srbts.nrbts:NRX2LINK_TRUST,NRBTSCL25R2_2503_111,MRBTS-1012195/NRBTS-112195/NRX2LINK_TRUST-263,create
2026.05.14,MRBTS1012195.xml,1012195,com.nokia.srbts.nrbts:NRX2LINK_TRUST,NRBTSCL25R2_2503_111,MRBTS-1012195/NRBTS-112195/NRX2LINK_TRUST-264,create
2026.05.14,MRBTS1012195.xml,1012195,com.nokia.srbts.nrbts:NRX2LINK_TRUST,NRBTSCL25R2_2503_111,MRBTS-1012195/NRBTS-112195/NRX2LINK_TRUST-265,create
2026.05.14,MRBTS1012195.xml,1012195,com.nokia.srbts.nrbts:NRX2LINK_TRUST,NRBTSCL25R2_2503_111,MRBTS-1012195/NRBTS-112195/NRX2LINK_TRUST-266,create
2026.05.14,MRBTS1012195.xml,1012195,com.nokia.srbts.nrbts:NRX2LINK_TRUST,NRBTSCL25R2_2503_111,MRBTS-1012195/NRBTS-112195/NRX2LINK_TRUST-267,create
2026.05.14,MRBTS1012195.xml,1012195,com.nokia.srbts.nrbts:NRX2LINK_TRUST,NRBTSCL25R2_2503_111,MRBTS-1012195/NRBTS-112195/NRX2LINK_TRUST-268,create
2026.05.14,MRBTS1012195.xml,1012195,com.nokia.srbts.nrbts:NRX2LINK_TRUST,NRBTSCL25R2_2503_111,MRBTS-1012195/NRBTS-112195/NRX2LINK_TRUST-269,create
2026.05.14,MRBTS1012195.xml,1012195,com.nokia.srbts.nrbts:NRX2LINK_TRUST,NRBTSCL25R2_2503_111,MRBTS-1012195/NRBTS-112195/NRX2LINK_TRUST-270,create
2026.05.14,MRBTS1012195.xml,1012195,com.nokia.srbts.nrbts:NRX2LINK_TRUST,NRBTSCL25R2_2503_111,MRBTS-1012195/NRBTS-112195/NRX2LINK_TRUST-271,create
2026.05.14,MRBTS1012195.xml,1012195,com.nokia.srbts.nrbts:NRX2LINK_TRUST,NRBTSCL25R2_2503_111,MRBTS-1012195/NRBTS-112195/NRX2LINK_TRUST-272,create
2026.05.14,MRBTS1012195.xml,1012195,com.nokia.srbts.nrbts:NRX2LINK_TRUST,NRBTSCL25R2_2503_111,MRBTS-1012195/NRBTS-112195/NRX2LINK_TRUST-273,create
2026.05.14,MRBTS1012195.xml,1012195,com.nokia.srbts.nrbts:NRX2LINK_TRUST,NRBTSCL25R2_2503_111,MRBTS-1012195/NRBTS-112195/NRX2LINK_TRUST-274,create
2026.05.14,MRBTS1012195.xml,1012195,com.nokia.srbts.nrbts:NRX2LINK_TRUST,NRBTSCL25R2_2503_111,MRBTS-1012195/NRBTS-112195/NRX2LINK_TRUST-275,create
2026.05.14,MRBTS1012195.xml,1012195,com.nokia.srbts.nrbts:NRX2LINK_TRUST,NRBTSCL25R2_2503_111,MRBTS-1012195/NRBTS-112195/NRX2LINK_TRUST-276,create
2026.05.14,MRBTS1012195.xml,1012195,com.nokia.srbts.nrbts:NRX2LINK_TRUST,NRBTSCL25R2_2503_111,MRBTS-1012195/NRBTS-112195/NRX2LINK_TRUST-277,create
2026.05.14,MRBTS1012195.xml,1012195,com.nokia.srbts.nrbts:NRX2LINK_TRUST,NRBTSCL25R2_2503_111,MRBTS-1012195/NRBTS-112195/NRX2LINK_TRUST-278,create
2026.05.14,MRBTS1012195.xml,1012195,com.nokia.srbts.nrbts:NRX2LINK_TRUST,NRBTSCL25R2_2503_111,MRBTS-1012195/NRBTS-112195/NRX2LINK_TRUST-279,create
2026.05.14,MRBTS1012195.xml,1012195,com.nokia.srbts.nrbts:NRX2LINK_TRUST,NRBTSCL25R2_2503_111,MRBTS-1012195/NRBTS-112195/NRX2LINK_TRUST-280,create
2026.05.14,MRBTS1012195.xml,1012195,com.nokia.srbts.nrbts:NRX2LINK_TRUST,NRBTSCL25R2_2503_111,MRBTS-1012195/NRBTS-112195/NRX2LINK_TRUST-281,create
2026.05.14,MRBTS1012195.xml,1012195,com.nokia.srbts.nrbts:NRX2LINK_TRUST,NRBTSCL25R2_2503_111,MRBTS-1012195/NRBTS-112195/NRX2LINK_TRUST-282,create
2026.05.14,MRBTS1012195.xml,1012195,com.nokia.srbts.nrbts:NRX2LINK_TRUST,NRBTSCL25R2_2503_111,MRBTS-1012195/NRBTS-112195/NRX2LINK_TRUST-283,create
2026.05.14,MRBTS1012195.xml,1012195,com.nokia.srbts.nrbts:NRX2LINK_TRUST,NRBTSCL25R2_2503_111,MRBTS-1012195/NRBTS-112195/NRX2LINK_TRUST-284,create
2026.05.14,MRBTS1012195.xml,1012195,com.nokia.srbts.nrbts:NRX2LINK_TRUST,NRBTSCL25R2_2503_111,MRBTS-1012195/NRBTS-112195/NRX2LINK_TRUST-285,create
2026.05.14,MRBTS1012195.xml,1012195,com.nokia.srbts.nrbts:NRX2LINK_TRUST,NRBTSCL25R2_2503_111,MRBTS-1012195/NRBTS-112195/NRX2LINK_TRUST-286,create
2026.05.14,MRBTS1012195.xml,1012195,com.nokia.srbts.nrbts:NRX2LINK_TRUST,NRBTSCL25R2_2503_111,MRBTS-1012195/NRBTS-112195/NRX2LINK_TRUST-287,create
2026.05.14,MRBTS1012195.xml,1012195,com.nokia.srbts.nrbts:NRX2LINK_TRUST,NRBTSCL25R2_2503_111,MRBTS-1012195/NRBTS-112195/NRX2LINK_TRUST-288,create
2026.05.14,MRBTS1012195.xml,1012195,com.nokia.srbts.nrbts:NRX2LINK_TRUST,NRBTSCL25R2_2503_111,MRBTS-1012195/NRBTS-112195/NRX2LINK_TRUST-289,create
2026.05.14,MRBTS1012195.xml,1012195,com.nokia.srbts.nrbts:NRX2LINK_TRUST,NRBTSCL25R2_2503_111,MRBTS-1012195/NRBTS-112195/NRX2LINK_TRUST-290,create
2026.05.14,MRBTS1012195.xml,1012195,com.nokia.srbts.nrbts:NRX2LINK_TRUST,NRBTSCL25R2_2503_111,MRBTS-1012195/NRBTS-112195/NRX2LINK_TRUST-291,create
2026.05.14,MRBTS1012195.xml,1012195,com.nokia.srbts.nrbts:NRX2LINK_TRUST,NRBTSCL25R2_2503_111,MRBTS-1012195/NRBTS-112195/NRX2LINK_TRUST-292,create
2026.05.14,MRBTS1012195.xml,1012195,com.nokia.srbts.nrbts:NRX2LINK_TRUST,NRBTSCL25R2_2503_111,MRBTS-1012195/NRBTS-112195/NRX2LINK_TRUST-293,create
2026.05.14,MRBTS1012195.xml,1012195,com.nokia.srbts.nrbts:NRX2LINK_TRUST,NRBTSCL25R2_2503_111,MRBTS-1012195/NRBTS-112195/NRX2LINK_TRUST-294,create
2026.05.14,MRBTS1012195.xml,1012195,com.nokia.srbts.nrbts:NRX2LINK_TRUST,NRBTSCL25R2_2503_111,MRBTS-1012195/NRBTS-112195/NRX2LINK_TRUST-295,create
2026.05.14,MRBTS1012195.xml,1012195,com.nokia.srbts.nrbts:NRX2LINK_TRUST,NRBTSCL25R2_2503_111,MRBTS-1012195/NRBTS-112195/NRX2LINK_TRUST-296,create
2026.05.14,MRBTS1012195.xml,1012195,com.nokia.srbts.nrbts:NRX2LINK_TRUST,NRBTSCL25R2_2503_111,MRBTS-1012195/NRBTS-112195/NRX2LINK_TRUST-297,create
2026.05.14,MRBTS1012195.xml,1012195,com.nokia.srbts.nrbts:NRX2LINK_TRUST,NRBTSCL25R2_2503_111,MRBTS-1012195/NRBTS-112195/NRX2LINK_TRUST-298,create
2026.05.14,MRBTS1012195.xml,1012195,com.nokia.srbts.nrbts:NRX2LINK_TRUST,NRBTSCL25R2_2503_111,MRBTS-1012195/NRBTS-112195/NRX2LINK_TRUST-299,create
2026.05.14,MRBTS1012195.xml,1012195,com.nokia.srbts.nrbts:NRX2LINK_TRUST,NRBTSCL25R2_2503_111,MRBTS-1012195/NRBTS-112195/NRX2LINK_TRUST-300,create
2026.05.14,MRBTS1012195.xml,1012195,com.nokia.srbts.nrbts:NRX2LINK_TRUST,NRBTSCL25R2_2503_111,MRBTS-1012195/NRBTS-112195/NRX2LINK_TRUST-301,create
2026.05.14,MRBTS1012195.xml,1012195,com.nokia.srbts.nrbts:NRX2LINK_TRUST,NRBTSCL25R2_2503_111,MRBTS-1012195/NRBTS-112195/NRX2LINK_TRUST-302,create
2026.05.14,MRBTS1012195.xml,1012195,com.nokia.srbts.nrbts:NRX2LINK_TRUST,NRBTSCL25R2_2503_111,MRBTS-1012195/NRBTS-112195/NRX2LINK_TRUST-303,create
2026.05.14,MRBTS1012195.xml,1012195,com.nokia.srbts.nrbts:NRX2LINK_TRUST,NRBTSCL25R2_2503_111,MRBTS-1012195/NRBTS-112195/NRX2LINK_TRUST-304,create
2026.05.14,MRBTS1012195.xml,1012195,com.nokia.srbts.nrbts:NRX2LINK_TRUST,NRBTSCL25R2_2503_111,MRBTS-1012195/NRBTS-112195/NRX2LINK_TRUST-305,create
2026.05.14,MRBTS1012195.xml,1012195,com.nokia.srbts.nrbts:NRX2LINK_TRUST,NRBTSCL25R2_2503_111,MRBTS-1012195/NRBTS-112195/NRX2LINK_TRUST-306,create
2026.05.14,MRBTS1012195.xml,1012195,com.nokia.srbts.nrbts:NRX2LINK_TRUST,NRBTSCL25R2_2503_111,MRBTS-1012195/NRBTS-112195/NRX2LINK_TRUST-307,create
2026.05.14,MRBTS1012195.xml,1012195,com.nokia.srbts.nrbts:NRX2LINK_TRUST,NRBTSCL25R2_2503_111,MRBTS-1012195/NRBTS-112195/NRX2LINK_TRUST-308,create
2026.05.14,MRBTS1012195.xml,1012195,com.nokia.srbts.nrbts:NRX2LINK_TRUST,NRBTSCL25R2_2503_111,MRBTS-1012195/NRBTS-112195/NRX2LINK_TRUST-309,create
2026.05.14,MRBTS1012195.xml,1012195,com.nokia.srbts.nrbts:NRX2LINK_TRUST,NRBTSCL25R2_2503_111,MRBTS-1012195/NRBTS-112195/NRX2LINK_TRUST-310,create
2026.05.14,MRBTS1012195.xml,1012195,com.nokia.srbts.nrbts:NRX2LINK_TRUST,NRBTSCL25R2_2503_111,MRBTS-1012195/NRBTS-112195/NRX2LINK_TRUST-311,create
2026.05.14,MRBTS1012195.xml,1012195,com.nokia.srbts.nrbts:NRX2LINK_TRUST,NRBTSCL25R2_2503_111,MRBTS-1012195/NRBTS-112195/NRX2LINK_TRUST-312,create
2026.05.14,MRBTS1012195.xml,1012195,com.nokia.srbts.nrbts:NRX2LINK_TRUST,NRBTSCL25R2_2503_111,MRBTS-1012195/NRBTS-112195/NRX2LINK_TRUST-313,create
2026.05.14,MRBTS1012195.xml,1012195,com.nokia.srbts.nrbts:NRX2LINK_TRUST,NRBTSCL25R2_2503_111,MRBTS-1012195/NRBTS-112195/NRX2LINK_TRUST-314,create
2026.05.14,MRBTS1012195.xml,1012195,com.nokia.srbts.nrbts:NRX2LINK_TRUST,NRBTSCL25R2_2503_111,MRBTS-1012195/NRBTS-112195/NRX2LINK_TRUST-315,create
2026.05.14,MRBTS1012195.xml,1012195,com.nokia.srbts.nrbts:NRX2LINK_TRUST,NRBTSCL25R2_2503_111,MRBTS-1012195/NRBTS-112195/NRX2LINK_TRUST-316,create
2026.05.14,MRBTS1012195.xml,1012195,com.nokia.srbts.nrbts:NRX2LINK_TRUST,NRBTSCL25R2_2503_111,MRBTS-1012195/NRBTS-112195/NRX2LINK_TRUST-317,create
2026.05.14,MRBTS1012195.xml,1012195,com.nokia.srbts.nrbts:NRX2LINK_TRUST,NRBTSCL25R2_2503_111,MRBTS-1012195/NRBTS-112195/NRX2LINK_TRUST-318,create
2026.05.14,MRBTS1012195.xml,1012195,com.nokia.srbts.nrbts:NRX2LINK_TRUST,NRBTSCL25R2_2503_111,MRBTS-1012195/NRBTS-112195/NRX2LINK_TRUST-319,create
2026.05.14,MRBTS1012195.xml,1012195,com.nokia.srbts.nrbts:NRX2LINK_TRUST,NRBTSCL25R2_2503_111,MRBTS-1012195/NRBTS-112195/NRX2LINK_TRUST-320,create
2026.05.14,MRBTS1012195.xml,1012195,com.nokia.srbts.nrbts:NRX2LINK_TRUST,NRBTSCL25R2_2503_111,MRBTS-1012195/NRBTS-112195/NRX2LINK_TRUST-321,create
2026.05.14,MRBTS1012195.xml,1012195,com.nokia.srbts.nrbts:NRX2LINK_TRUST,NRBTSCL25R2_2503_111,MRBTS-1012195/NRBTS-112195/NRX2LINK_TRUST-322,create
2026.05.14,MRBTS1012195.xml,1012195,com.nokia.srbts.nrbts:NRX2LINK_TRUST,NRBTSCL25R2_2503_111,MRBTS-1012195/NRBTS-112195/NRX2LINK_TRUST-323,create
2026.05.14,MRBTS1012195.xml,1012195,com.nokia.srbts.nrbts:NRX2LINK_TRUST,NRBTSCL25R2_2503_111,MRBTS-1012195/NRBTS-112195/NRX2LINK_TRUST-324,create
2026.05.14,MRBTS1012195.xml,1012195,com.nokia.srbts.nrbts:NRX2LINK_TRUST,NRBTSCL25R2_2503_111,MRBTS-1012195/NRBTS-112195/NRX2LINK_TRUST-325,create
2026.05.14,MRBTS1012195.xml,1012195,com.nokia.srbts.nrbts:NRX2LINK_TRUST,NRBTSCL25R2_2503_111,MRBTS-1012195/NRBTS-112195/NRX2LINK_TRUST-326,create
2026.05.14,MRBTS1012195.xml,1012195,com.nokia.srbts.nrbts:NRX2LINK_TRUST,NRBTSCL25R2_2503_111,MRBTS-1012195/NRBTS-112195/NRX2LINK_TRUST-327,create
2026.05.14,MRBTS1012195.xml,1012195,com.nokia.srbts.nrbts:NRX2LINK_TRUST,NRBTSCL25R2_2503_111,MRBTS-1012195/NRBTS-112195/NRX2LINK_TRUST-328,create
2026.05.14,MRBTS1012195.xml,1012195,com.nokia.srbts.nrbts:NRX2LINK_TRUST,NRBTSCL25R2_2503_111,MRBTS-1012195/NRBTS-112195/NRX2LINK_TRUST-329,create
2026.05.14,MRBTS1012195.xml,1012195,com.nokia.srbts.nrbts:NRX2LINK_TRUST,NRBTSCL25R2_2503_111,MRBTS-1012195/NRBTS-112195/NRX2LINK_TRUST-330,create
2026.05.14,MRBTS1012195.xml,1012195,com.nokia.srbts.nrbts:NRX2LINK_TRUST,NRBTSCL25R2_2503_111,MRBTS-1012195/NRBTS-112195/NRX2LINK_TRUST-331,create
2026.05.14,MRBTS1012195.xml,1012195,com.nokia.srbts.nrbts:NRX2LINK_TRUST,NRBTSCL25R2_2503_111,MRBTS-1012195/NRBTS-112195/NRX2LINK_TRUST-332,create
2026.05.14,MRBTS1012195.xml,1012195,com.nokia.srbts.nrbts:NRX2LINK_TRUST,NRBTSCL25R2_2503_111,MRBTS-1012195/NRBTS-112195/NRX2LINK_TRUST-333,create
2026.05.14,MRBTS1012195.xml,1012195,com.nokia.srbts.nrbts:NRX2LINK_TRUST,NRBTSCL25R2_2503_111,MRBTS-1012195/NRBTS-112195/NRX2LINK_TRUST-334,create
2026.05.14,MRBTS1012195.xml,1012195,com.nokia.srbts.nrbts:NRX2LINK_TRUST,NRBTSCL25R2_2503_111,MRBTS-1012195/NRBTS-112195/NRX2LINK_TRUST-335,create
2026.05.14,MRBTS1012195.xml,1012195,com.nokia.srbts.nrbts:NRX2LINK_TRUST,NRBTSCL25R2_2503_111,MRBTS-1012195/NRBTS-112195/NRX2LINK_TRUST-336,create
2026.05.14,MRBTS1012195.xml,1012195,com.nokia.srbts.nrbts:NRX2LINK_TRUST,NRBTSCL25R2_2503_111,MRBTS-1012195/NRBTS-112195/NRX2LINK_TRUST-337,create
2026.05.14,MRBTS1012195.xml,1012195,com.nokia.srbts.nrbts:NRX2LINK_TRUST,NRBTSCL25R2_2503_111,MRBTS-1012195/NRBTS-112195/NRX2LINK_TRUST-338,create
2026.05.14,MRBTS1012195.xml,1012195,com.nokia.srbts.nrbts:NRX2LINK_TRUST,NRBTSCL25R2_2503_111,MRBTS-1012195/NRBTS-112195/NRX2LINK_TRUST-339,create
2026.05.14,MRBTS1012195.xml,1012195,com.nokia.srbts.nrbts:NRX2LINK_TRUST,NRBTSCL25R2_2503_111,MRBTS-1012195/NRBTS-112195/NRX2LINK_TRUST-340,create
2026.05.14,MRBTS1012195.xml,1012195,com.nokia.srbts.nrbts:NRX2LINK_TRUST,NRBTSCL25R2_2503_111,MRBTS-1012195/NRBTS-112195/NRX2LINK_TRUST-341,create
2026.05.14,MRBTS1012195.xml,1012195,com.nokia.srbts.nrbts:NRX2LINK_TRUST,NRBTSCL25R2_2503_111,MRBTS-1012195/NRBTS-112195/NRX2LINK_TRUST-342,create
2026.05.14,MRBTS1012195.xml,1012195,com.nokia.srbts.nrbts:NRX2LINK_TRUST,NRBTSCL25R2_2503_111,MRBTS-1012195/NRBTS-112195/NRX2LINK_TRUST-343,create
2026.05.14,MRBTS1012195.xml,1012195,com.nokia.srbts.nrbts:NRX2LINK_TRUST,NRBTSCL25R2_2503_111,MRBTS-1012195/NRBTS-112195/NRX2LINK_TRUST-344,create
2026.05.14,MRBTS1012195.xml,1012195,com.nokia.srbts.nrbts:NRX2LINK_TRUST,NRBTSCL25R2_2503_111,MRBTS-1012195/NRBTS-112195/NRX2LINK_TRUST-345,create
2026.05.14,MRBTS1012195.xml,1012195,com.nokia.srbts.nrbts:NRX2LINK_TRUST,NRBTSCL25R2_2503_111,MRBTS-1012195/NRBTS-112195/NRX2LINK_TRUST-346,create
2026.05.14,MRBTS1012195.xml,1012195,com.nokia.srbts.nrbts:NRX2LINK_TRUST,NRBTSCL25R2_2503_111,MRBTS-1012195/NRBTS-112195/NRX2LINK_TRUST-347,create
2026.05.14,MRBTS1012195.xml,1012195,com.nokia.srbts.nrbts:NRX2LINK_TRUST,NRBTSCL25R2_2503_111,MRBTS-1012195/NRBTS-112195/NRX2LINK_TRUST-348,create
2026.05.14,MRBTS1012195.xml,1012195,com.nokia.srbts.nrbts:NRX2LINK_TRUST,NRBTSCL25R2_2503_111,MRBTS-1012195/NRBTS-112195/NRX2LINK_TRUST-349,create
2026.05.14,MRBTS1012195.xml,1012195,com.nokia.srbts.nrbts:NRX2LINK_TRUST,NRBTSCL25R2_2503_111,MRBTS-1012195/NRBTS-112195/NRX2LINK_TRUST-350,create
2026.05.14,MRBTS1012195.xml,1012195,com.nokia.srbts.nrbts:NRX2LINK_TRUST,NRBTSCL25R2_2503_111,MRBTS-1012195/NRBTS-112195/NRX2LINK_TRUST-351,create
2026.05.14,MRBTS1012195.xml,1012195,com.nokia.srbts.nrbts:NRX2LINK_TRUST,NRBTSCL25R2_2503_111,MRBTS-1012195/NRBTS-112195/NRX2LINK_TRUST-352,create
2026.05.14,MRBTS1012195.xml,1012195,com.nokia.srbts.nrbts:NRX2LINK_TRUST,NRBTSCL25R2_2503_111,MRBTS-1012195/NRBTS-112195/NRX2LINK_TRUST-353,create
2026.05.14,MRBTS1012195.xml,1012195,com.nokia.srbts.nrbts:NRX2LINK_TRUST,NRBTSCL25R2_2503_111,MRBTS-1012195/NRBTS-112195/NRX2LINK_TRUST-354,create
2026.05.14,MRBTS1012195.xml,1012195,com.nokia.srbts.nrbts:NRX2LINK_TRUST,NRBTSCL25R2_2503_111,MRBTS-1012195/NRBTS-112195/NRX2LINK_TRUST-355,create
2026.05.14,MRBTS1012195.xml,1012195,com.nokia.srbts.nrbts:NRX2LINK_TRUST,NRBTSCL25R2_2503_111,MRBTS-1012195/NRBTS-112195/NRX2LINK_TRUST-356,create
2026.05.14,MRBTS1012195.xml,1012195,com.nokia.srbts.nrbts:NRX2LINK_TRUST,NRBTSCL25R2_2503_111,MRBTS-1012195/NRBTS-112195/NRX2LINK_TRUST-357,create
2026.05.14,MRBTS1012195.xml,1012195,com.nokia.srbts.nrbts:NRX2LINK_TRUST,NRBTSCL25R2_2503_111,MRBTS-1012195/NRBTS-112195/NRX2LINK_TRUST-358,create
2026.05.14,MRBTS1012195.xml,1012195,com.nokia.srbts.nrbts:NRX2LINK_TRUST,NRBTSCL25R2_2503_111,MRBTS-1012195/NRBTS-112195/NRX2LINK_TRUST-359,create
2026.05.14,MRBTS1012195.xml,1012195,com.nokia.srbts.nrbts:NRX2LINK_TRUST,NRBTSCL25R2_2503_111,MRBTS-1012195/NRBTS-112195/NRX2LINK_TRUST-360,create
2026.05.14,MRBTS1012195.xml,1012195,com.nokia.srbts.nrbts:NRX2LINK_TRUST,NRBTSCL25R2_2503_111,MRBTS-1012195/NRBTS-112195/NRX2LINK_TRUST-361,create
2026.05.14,MRBTS1012195.xml,1012195,com.nokia.srbts.nrbts:NRX2LINK_TRUST,NRBTSCL25R2_2503_111,MRBTS-1012195/NRBTS-112195/NRX2LINK_TRUST-362,create
2026.05.14,MRBTS1012195.xml,1012195,com.nokia.srbts.nrbts:NRX2LINK_TRUST,NRBTSCL25R2_2503_111,MRBTS-1012195/NRBTS-112195/NRX2LINK_TRUST-363,create
2026.05.14,MRBTS1012195.xml,1012195,com.nokia.srbts.nrbts:NRX2LINK_TRUST,NRBTSCL25R2_2503_111,MRBTS-1012195/NRBTS-112195/NRX2LINK_TRUST-364,create
2026.05.14,MRBTS1012195.xml,1012195,com.nokia.srbts.nrbts:NRX2LINK_TRUST,NRBTSCL25R2_2503_111,MRBTS-1012195/NRBTS-112195/NRX2LINK_TRUST-365,create
2026.05.14,MRBTS1012195.xml,1012195,com.nokia.srbts.nrbts:NRX2LINK_TRUST,NRBTSCL25R2_2503_111,MRBTS-1012195/NRBTS-112195/NRX2LINK_TRUST-366,create
2026.05.14,MRBTS1012195.xml,1012195,com.nokia.srbts.nrbts:NRX2LINK_TRUST,NRBTSCL25R2_2503_111,MRBTS-1012195/NRBTS-112195/NRX2LINK_TRUST-367,create
2026.05.14,MRBTS1012195.xml,1012195,com.nokia.srbts.nrbts:NRX2LINK_TRUST,NRBTSCL25R2_2503_111,MRBTS-1012195/NRBTS-112195/NRX2LINK_TRUST-368,create
2026.05.14,MRBTS1012195.xml,1012195,com.nokia.srbts.nrbts:NRX2LINK_TRUST,NRBTSCL25R2_2503_111,MRBTS-1012195/NRBTS-112195/NRX2LINK_TRUST-369,create
2026.05.14,MRBTS1012195.xml,1012195,com.nokia.srbts.nrbts:NRX2LINK_TRUST,NRBTSCL25R2_2503_111,MRBTS-1012195/NRBTS-112195/NRX2LINK_TRUST-370,create
2026.05.14,MRBTS1012195.xml,1012195,com.nokia.srbts.nrbts:NRX2LINK_TRUST,NRBTSCL25R2_2503_111,MRBTS-1012195/NRBTS-112195/NRX2LINK_TRUST-371,create
2026.05.14,MRBTS1012195.xml,1012195,com.nokia.srbts.nrbts:NRX2LINK_TRUST,NRBTSCL25R2_2503_111,MRBTS-1012195/NRBTS-112195/NRX2LINK_TRUST-372,create
2026.05.14,MRBTS1012195.xml,1012195,com.nokia.srbts.nrbts:NRX2LINK_TRUST,NRBTSCL25R2_2503_111,MRBTS-1012195/NRBTS-112195/NRX2LINK_TRUST-373,create
2026.05.14,MRBTS1012195.xml,1012195,com.nokia.srbts.nrbts:NRX2LINK_TRUST,NRBTSCL25R2_2503_111,MRBTS-1012195/NRBTS-112195/NRX2LINK_TRUST-374,create
2026.05.14,MRBTS1012195.xml,1012195,com.nokia.srbts.nrbts:NRX2LINK_TRUST,NRBTSCL25R2_2503_111,MRBTS-1012195/NRBTS-112195/NRX2LINK_TRUST-375,create
2026.05.14,MRBTS1012195.xml,1012195,com.nokia.srbts.nrbts:NRX2LINK_TRUST,NRBTSCL25R2_2503_111,MRBTS-1012195/NRBTS-112195/NRX2LINK_TRUST-376,create
2026.05.14,MRBTS1012195.xml,1012195,com.nokia.srbts.nrbts:NRX2LINK_TRUST,NRBTSCL25R2_2503_111,MRBTS-1012195/NRBTS-112195/NRX2LINK_TRUST-377,create
2026.05.14,MRBTS1012195.xml,1012195,com.nokia.srbts.nrbts:NRX2LINK_TRUST,NRBTSCL25R2_2503_111,MRBTS-1012195/NRBTS-112195/NRX2LINK_TRUST-378,create
2026.05.14,MRBTS1012195.xml,1012195,com.nokia.srbts.nrbts:NRX2LINK_TRUST,NRBTSCL25R2_2503_111,MRBTS-1012195/NRBTS-112195/NRX2LINK_TRUST-379,create
2026.05.14,MRBTS1012195.xml,1012195,com.nokia.srbts.nrbts:NRX2LINK_TRUST,NRBTSCL25R2_2503_111,MRBTS-1012195/NRBTS-112195/NRX2LINK_TRUST-380,create
2026.05.14,MRBTS1012195.xml,1012195,com.nokia.srbts.nrbts:NRX2LINK_TRUST,NRBTSCL25R2_2503_111,MRBTS-1012195/NRBTS-112195/NRX2LINK_TRUST-381,create
2026.05.14,MRBTS1012195.xml,1012195,com.nokia.srbts.nrbts:NRX2LINK_TRUST,NRBTSCL25R2_2503_111,MRBTS-1012195/NRBTS-112195/NRX2LINK_TRUST-382,create
2026.05.14,MRBTS1012195.xml,1012195,com.nokia.srbts.nrbts:NRX2LINK_TRUST,NRBTSCL25R2_2503_111,MRBTS-1012195/NRBTS-112195/NRX2LINK_TRUST-383,create
2026.05.14,MRBTS1012195.xml,1012195,com.nokia.srbts.nrbts:NRX2LINK_TRUST,NRBTSCL25R2_2503_111,MRBTS-1012195/NRBTS-112195/NRX2LINK_TRUST-384,create
2026.05.14,MRBTS1012195.xml,1012195,com.nokia.srbts.nrbts:NRX2LINK_TRUST,NRBTSCL25R2_2503_111,MRBTS-1012195/NRBTS-112195/NRX2LINK_TRUST-385,create
2026.05.14,MRBTS1012195.xml,1012195,com.nokia.srbts.nrbts:NRX2LINK_TRUST,NRBTSCL25R2_2503_111,MRBTS-1012195/NRBTS-112195/NRX2LINK_TRUST-386,create
2026.05.14,MRBTS1012195.xml,1012195,com.nokia.srbts.nrbts:NRX2LINK_TRUST,NRBTSCL25R2_2503_111,MRBTS-1012195/NRBTS-112195/NRX2LINK_TRUST-387,create
2026.05.14,MRBTS1012195.xml,1012195,com.nokia.srbts.nrbts:NRX2LINK_TRUST,NRBTSCL25R2_2503_111,MRBTS-1012195/NRBTS-112195/NRX2LINK_TRUST-388,create
2026.05.14,MRBTS1012195.xml,1012195,com.nokia.srbts.nrbts:NRX2LINK_TRUST,NRBTSCL25R2_2503_111,MRBTS-1012195/NRBTS-112195/NRX2LINK_TRUST-389,create
2026.05.14,MRBTS1012195.xml,1012195,com.nokia.srbts.nrbts:NRX2LINK_TRUST,NRBTSCL25R2_2503_111,MRBTS-1012195/NRBTS-112195/NRX2LINK_TRUST-390,create
2026.05.14,MRBTS1012195.xml,1012195,com.nokia.srbts.nrbts:NRX2LINK_TRUST,NRBTSCL25R2_2503_111,MRBTS-1012195/NRBTS-112195/NRX2LINK_TRUST-391,create
2026.05.14,MRBTS1012195.xml,1012195,com.nokia.srbts.nrbts:NRX2LINK_TRUST,NRBTSCL25R2_2503_111,MRBTS-1012195/NRBTS-112195/NRX2LINK_TRUST-392,create
2026.05.14,MRBTS1012195.xml,1012195,com.nokia.srbts.nrbts:NRX2LINK_TRUST,NRBTSCL25R2_2503_111,MRBTS-1012195/NRBTS-112195/NRX2LINK_TRUST-393,create
2026.05.14,MRBTS1012195.xml,1012195,com.nokia.srbts.nrbts:NRX2LINK_TRUST,NRBTSCL25R2_2503_111,MRBTS-1012195/NRBTS-112195/NRX2LINK_TRUST-394,create
2026.05.14,MRBTS1012195.xml,1012195,com.nokia.srbts.nrbts:NRX2LINK_TRUST,NRBTSCL25R2_2503_111,MRBTS-1012195/NRBTS-112195/NRX2LINK_TRUST-395,create
2026.05.14,MRBTS1012195.xml,1012195,com.nokia.srbts.nrbts:NRX2LINK_TRUST,NRBTSCL25R2_2503_111,MRBTS-1012195/NRBTS-112195/NRX2LINK_TRUST-396,create
2026.05.14,MRBTS1012195.xml,1012195,com.nokia.srbts.nrbts:NRX2LINK_TRUST,NRBTSCL25R2_2503_111,MRBTS-1012195/NRBTS-112195/NRX2LINK_TRUST-397,create
2026.05.14,MRBTS1012195.xml,1012195,com.nokia.srbts.nrbts:NRX2LINK_TRUST,NRBTSCL25R2_2503_111,MRBTS-1012195/NRBTS-112195/NRX2LINK_TRUST-398,create
2026.05.14,MRBTS1012195.xml,1012195,com.nokia.srbts.nrbts:NRX2LINK_TRUST,NRBTSCL25R2_2503_111,MRBTS-1012195/NRBTS-112195/NRX2LINK_TRUST-399,create
2026.05.14,MRBTS1012195.xml,1012195,com.nokia.srbts.nrbts:NRX2LINK_TRUST,NRBTSCL25R2_2503_111,MRBTS-1012195/NRBTS-112195/NRX2LINK_TRUST-400,create
2026.05.14,MRBTS1012195.xml,1012195,com.nokia.srbts.nrbts:NRX2LINK_TRUST,NRBTSCL25R2_2503_111,MRBTS-1012195/NRBTS-112195/NRX2LINK_TRUST-401,create
2026.05.14,MRBTS1012195.xml,1012195,com.nokia.srbts.nrbts:NRX2LINK_TRUST,NRBTSCL25R2_2503_111,MRBTS-1012195/NRBTS-112195/NRX2LINK_TRUST-402,create
2026.05.14,MRBTS1012195.xml,1012195,com.nokia.srbts.nrbts:NRX2LINK_TRUST,NRBTSCL25R2_2503_111,MRBTS-1012195/NRBTS-112195/NRX2LINK_TRUST-403,create
2026.05.14,MRBTS1012195.xml,1012195,com.nokia.srbts.nrbts:NRX2LINK_TRUST,NRBTSCL25R2_2503_111,MRBTS-1012195/NRBTS-112195/NRX2LINK_TRUST-404,create
2026.05.14,MRBTS1012195.xml,1012195,com.nokia.srbts.nrbts:NRX2LINK_TRUST,NRBTSCL25R2_2503_111,MRBTS-1012195/NRBTS-112195/NRX2LINK_TRUST-405,create
2026.05.14,MRBTS1012195.xml,1012195,com.nokia.srbts.nrbts:NRX2LINK_TRUST,NRBTSCL25R2_2503_111,MRBTS-1012195/NRBTS-112195/NRX2LINK_TRUST-406,create
2026.05.14,MRBTS1012195.xml,1012195,com.nokia.srbts.nrbts:NRX2LINK_TRUST,NRBTSCL25R2_2503_111,MRBTS-1012195/NRBTS-112195/NRX2LINK_TRUST-407,create
2026.05.14,MRBTS1012195.xml,1012195,com.nokia.srbts.nrbts:NRX2LINK_TRUST,NRBTSCL25R2_2503_111,MRBTS-1012195/NRBTS-112195/NRX2LINK_TRUST-408,create
2026.05.14,MRBTS1012195.xml,1012195,com.nokia.srbts.nrbts:NRX2LINK_TRUST,NRBTSCL25R2_2503_111,MRBTS-1012195/NRBTS-112195/NRX2LINK_TRUST-409,create
2026.05.14,MRBTS1012195.xml,1012195,com.nokia.srbts.nrbts:NRX2LINK_TRUST,NRBTSCL25R2_2503_111,MRBTS-1012195/NRBTS-112195/NRX2LINK_TRUST-410,create
2026.05.14,MRBTS1012195.xml,1012195,com.nokia.srbts.nrbts:NRX2LINK_TRUST,NRBTSCL25R2_2503_111,MRBTS-1012195/NRBTS-112195/NRX2LINK_TRUST-411,create
2026.05.14,MRBTS1012195.xml,1012195,com.nokia.srbts.nrbts:NRX2LINK_TRUST,NRBTSCL25R2_2503_111,MRBTS-1012195/NRBTS-112195/NRX2LINK_TRUST-412,create
2026.05.14,MRBTS1012195.xml,1012195,com.nokia.srbts.nrbts:NRX2LINK_TRUST,NRBTSCL25R2_2503_111,MRBTS-1012195/NRBTS-112195/NRX2LINK_TRUST-413,create
2026.05.14,MRBTS1012195.xml,1012195,com.nokia.srbts.nrbts:NRX2LINK_TRUST,NRBTSCL25R2_2503_111,MRBTS-1012195/NRBTS-112195/NRX2LINK_TRUST-414,create
2026.05.14,MRBTS1012195.xml,1012195,com.nokia.srbts.nrbts:NRX2LINK_TRUST,NRBTSCL25R2_2503_111,MRBTS-1012195/NRBTS-112195/NRX2LINK_TRUST-415,create
2026.05.14,MRBTS1012195.xml,1012195,com.nokia.srbts.nrbts:NRX2LINK_TRUST,NRBTSCL25R2_2503_111,MRBTS-1012195/NRBTS-112195/NRX2LINK_TRUST-416,create
2026.05.14,MRBTS1012195.xml,1012195,com.nokia.srbts.nrbts:NRX2LINK_TRUST,NRBTSCL25R2_2503_111,MRBTS-1012195/NRBTS-112195/NRX2LINK_TRUST-417,create
2026.05.14,MRBTS1012195.xml,1012195,com.nokia.srbts.nrbts:NRX2LINK_TRUST,NRBTSCL25R2_2503_111,MRBTS-1012195/NRBTS-112195/NRX2LINK_TRUST-418,create
2026.05.14,MRBTS1012195.xml,1012195,com.nokia.srbts.nrbts:NRX2LINK_TRUST,NRBTSCL25R2_2503_111,MRBTS-1012195/NRBTS-112195/NRX2LINK_TRUST-419,create
2026.05.14,MRBTS1012195.xml,1012195,com.nokia.srbts.nrbts:NRX2LINK_TRUST,NRBTSCL25R2_2503_111,MRBTS-1012195/NRBTS-112195/NRX2LINK_TRUST-420,create
2026.05.14,MRBTS1012195.xml,1012195,com.nokia.srbts.nrbts:NRX2LINK_TRUST,NRBTSCL25R2_2503_111,MRBTS-1012195/NRBTS-112195/NRX2LINK_TRUST-421,create
2026.05.14,MRBTS1012195.xml,1012195,com.nokia.srbts.nrbts:NRX2LINK_TRUST,NRBTSCL25R2_2503_111,MRBTS-1012195/NRBTS-112195/NRX2LINK_TRUST-422,create
2026.05.14,MRBTS1012195.xml,1012195,com.nokia.srbts.nrbts:NRX2LINK_TRUST,NRBTSCL25R2_2503_111,MRBTS-1012195/NRBTS-112195/NRX2LINK_TRUST-423,create
2026.05.14,MRBTS1012195.xml,1012195,com.nokia.srbts.nrbts:TRACKINGAREA,NRBTSCL25R2_2503_111,MRBTS-1012195/NRBTS-112195/TRACKINGAREA-0,create
2026.05.14,MRBTS1012195.xml,1012195,com.nokia.srbts.tnl:TNLSVC,TNL25R2_2503_111,MRBTS-1012195/TNLSVC-1,create
2026.05.14,MRBTS1012195.xml,1012195,com.nokia.srbts.tnl:PMTNLINT,TNL25R2_2503_111,MRBTS-1012195/TNLSVC-1/PMTNLINT-1,create
2026.05.14,MRBTS1012195.xml,1012195,com.nokia.srbts.tnl:TNL,TNL25R2_2503_111,MRBTS-1012195/TNLSVC-1/TNL-1,create
2026.05.14,MRBTS1012195.xml,1012195,com.nokia.srbts.tnl:ETHSVC,TNL25R2_2503_111,MRBTS-1012195/TNLSVC-1/TNL-1/ETHSVC-1,create
2026.05.14,MRBTS1012195.xml,1012195,com.nokia.srbts.tnl:ETHIF,TNL25R2_2503_111,MRBTS-1012195/TNLSVC-1/TNL-1/ETHSVC-1/ETHIF-1,create
2026.05.14,MRBTS1012195.xml,1012195,com.nokia.srbts.tnl:ETHIF_R,TNL25R2_2503_111,MRBTS-1012195/TNLSVC-1/TNL-1/ETHSVC-1/ETHIF-1/ETHIF_R-1,create
2026.05.14,MRBTS1012195.xml,1012195,com.nokia.srbts.tnl:VLANIF,TNL25R2_2503_111,MRBTS-1012195/TNLSVC-1/TNL-1/ETHSVC-1/ETHIF-1/VLANIF-1,create
2026.05.14,MRBTS1012195.xml,1012195,com.nokia.srbts.tnl:VLANIF,TNL25R2_2503_111,MRBTS-1012195/TNLSVC-1/TNL-1/ETHSVC-1/ETHIF-1/VLANIF-2,create
2026.05.14,MRBTS1012195.xml,1012195,com.nokia.srbts.tnl:VLANIF,TNL25R2_2503_111,MRBTS-1012195/TNLSVC-1/TNL-1/ETHSVC-1/ETHIF-1/VLANIF-3,create
2026.05.14,MRBTS1012195.xml,1012195,com.nokia.srbts.tnl:VLANIF,TNL25R2_2503_111,MRBTS-1012195/TNLSVC-1/TNL-1/ETHSVC-1/ETHIF-1/VLANIF-4,create
2026.05.14,MRBTS1012195.xml,1012195,com.nokia.srbts.tnl:ETHIF,TNL25R2_2503_111,MRBTS-1012195/TNLSVC-1/TNL-1/ETHSVC-1/ETHIF-2,create
2026.05.14,MRBTS1012195.xml,1012195,com.nokia.srbts.tnl:ETHIF_R,TNL25R2_2503_111,MRBTS-1012195/TNLSVC-1/TNL-1/ETHSVC-1/ETHIF-2/ETHIF_R-1,create
2026.05.14,MRBTS1012195.xml,1012195,com.nokia.srbts.tnl:ETHIF,TNL25R2_2503_111,MRBTS-1012195/TNLSVC-1/TNL-1/ETHSVC-1/ETHIF-3,create
2026.05.14,MRBTS1012195.xml,1012195,com.nokia.srbts.tnl:ETHIF_R,TNL25R2_2503_111,MRBTS-1012195/TNLSVC-1/TNL-1/ETHSVC-1/ETHIF-3/ETHIF_R-1,create
2026.05.14,MRBTS1012195.xml,1012195,com.nokia.srbts.tnl:ETHIF,TNL25R2_2503_111,MRBTS-1012195/TNLSVC-1/TNL-1/ETHSVC-1/ETHIF-4,create
2026.05.14,MRBTS1012195.xml,1012195,com.nokia.srbts.tnl:ETHIF_R,TNL25R2_2503_111,MRBTS-1012195/TNLSVC-1/TNL-1/ETHSVC-1/ETHIF-4/ETHIF_R-1,create
2026.05.14,MRBTS1012195.xml,1012195,com.nokia.srbts.tnl:ETHLK,TNL25R2_2503_111,MRBTS-1012195/TNLSVC-1/TNL-1/ETHSVC-1/ETHLK-1,create
2026.05.14,MRBTS1012195.xml,1012195,com.nokia.srbts.tnl:ETHLK_R,TNL25R2_2503_111,MRBTS-1012195/TNLSVC-1/TNL-1/ETHSVC-1/ETHLK-1/ETHLK_R-1,create
2026.05.14,MRBTS1012195.xml,1012195,com.nokia.srbts.tnl:ETHLK,TNL25R2_2503_111,MRBTS-1012195/TNLSVC-1/TNL-1/ETHSVC-1/ETHLK-2,create
2026.05.14,MRBTS1012195.xml,1012195,com.nokia.srbts.tnl:ETHLK_R,TNL25R2_2503_111,MRBTS-1012195/TNLSVC-1/TNL-1/ETHSVC-1/ETHLK-2/ETHLK_R-1,create
2026.05.14,MRBTS1012195.xml,1012195,com.nokia.srbts.tnl:ETHLK,TNL25R2_2503_111,MRBTS-1012195/TNLSVC-1/TNL-1/ETHSVC-1/ETHLK-3,create
2026.05.14,MRBTS1012195.xml,1012195,com.nokia.srbts.tnl:ETHLK_R,TNL25R2_2503_111,MRBTS-1012195/TNLSVC-1/TNL-1/ETHSVC-1/ETHLK-3/ETHLK_R-1,create
2026.05.14,MRBTS1012195.xml,1012195,com.nokia.srbts.tnl:L2SWI,TNL25R2_2503_111,MRBTS-1012195/TNLSVC-1/TNL-1/ETHSVC-1/L2SWI-1,create
2026.05.14,MRBTS1012195.xml,1012195,com.nokia.srbts.tnl:BRGPRT,TNL25R2_2503_111,MRBTS-1012195/TNLSVC-1/TNL-1/ETHSVC-1/L2SWI-1/BRGPRT-1,create
2026.05.14,MRBTS1012195.xml,1012195,com.nokia.srbts.tnl:BRGPRT,TNL25R2_2503_111,MRBTS-1012195/TNLSVC-1/TNL-1/ETHSVC-1/L2SWI-1/BRGPRT-2,create
2026.05.14,MRBTS1012195.xml,1012195,com.nokia.srbts.tnl:BRGPRT,TNL25R2_2503_111,MRBTS-1012195/TNLSVC-1/TNL-1/ETHSVC-1/L2SWI-1/BRGPRT-3,create
2026.05.14,MRBTS1012195.xml,1012195,com.nokia.srbts.tnl:DSCPTOQMAP,TNL25R2_2503_111,MRBTS-1012195/TNLSVC-1/TNL-1/ETHSVC-1/L2SWI-1/DSCPTOQMAP-1,create
2026.05.14,MRBTS1012195.xml,1012195,com.nokia.srbts.tnl:IBRGPRT,TNL25R2_2503_111,MRBTS-1012195/TNLSVC-1/TNL-1/ETHSVC-1/L2SWI-1/IBRGPRT-1,create
2026.05.14,MRBTS1012195.xml,1012195,com.nokia.srbts.tnl:IPAPP,TNL25R2_2503_111,MRBTS-1012195/TNLSVC-1/TNL-1/IPAPP-1,create
2026.05.14,MRBTS1012195.xml,1012195,com.nokia.srbts.tnl:FIREWALL,TNL25R2_2503_111,MRBTS-1012195/TNLSVC-1/TNL-1/IPAPP-1/FIREWALL-1,create
2026.05.14,MRBTS1012195.xml,1012195,com.nokia.srbts.tnl:PKTFLTR,TNL25R2_2503_111,MRBTS-1012195/TNLSVC-1/TNL-1/IPAPP-1/FIREWALL-1/PKTFLTR-1,create
2026.05.14,MRBTS1012195.xml,1012195,com.nokia.srbts.tnl:IPSECC,TNL25R2_2503_111,MRBTS-1012195/TNLSVC-1/TNL-1/IPAPP-1/IPSECC-1,create
2026.05.14,MRBTS1012195.xml,1012195,com.nokia.srbts.tnl:IKEP,TNL25R2_2503_111,MRBTS-1012195/TNLSVC-1/TNL-1/IPAPP-1/IPSECC-1/IKEP-1,create
2026.05.14,MRBTS1012195.xml,1012195,com.nokia.srbts.tnl:IKEP_R,TNL25R2_2503_111,MRBTS-1012195/TNLSVC-1/TNL-1/IPAPP-1/IPSECC-1/IKEP-1/IKEP_R-1,create
2026.05.14,MRBTS1012195.xml,1012195,com.nokia.srbts.tnl:IKEP,TNL25R2_2503_111,MRBTS-1012195/TNLSVC-1/TNL-1/IPAPP-1/IPSECC-1/IKEP-2,create
2026.05.14,MRBTS1012195.xml,1012195,com.nokia.srbts.tnl:IKEP_R,TNL25R2_2503_111,MRBTS-1012195/TNLSVC-1/TNL-1/IPAPP-1/IPSECC-1/IKEP-2/IKEP_R-1,create
2026.05.14,MRBTS1012195.xml,1012195,com.nokia.srbts.tnl:IKEPROTGRP,TNL25R2_2503_111,MRBTS-1012195/TNLSVC-1/TNL-1/IPAPP-1/IPSECC-1/IKEPROTGRP-1,create
2026.05.14,MRBTS1012195.xml,1012195,com.nokia.srbts.tnl:IKEPROTGRP_R,TNL25R2_2503_111,MRBTS-1012195/TNLSVC-1/TNL-1/IPAPP-1/IPSECC-1/IKEPROTGRP-1/IKEPROTGRP_R-1,create
2026.05.14,MRBTS1012195.xml,1012195,com.nokia.srbts.tnl:IPSECC_R,TNL25R2_2503_111,MRBTS-1012195/TNLSVC-1/TNL-1/IPAPP-1/IPSECC-1/IPSECC_R-1,create
2026.05.14,MRBTS1012195.xml,1012195,com.nokia.srbts.tnl:IPSECP,TNL25R2_2503_111,MRBTS-1012195/TNLSVC-1/TNL-1/IPAPP-1/IPSECC-1/IPSECP-1,create
2026.05.14,MRBTS1012195.xml,1012195,com.nokia.srbts.tnl:SECPOL,TNL25R2_2503_111,MRBTS-1012195/TNLSVC-1/TNL-1/IPAPP-1/IPSECC-1/SECPOL-1,create
2026.05.14,MRBTS1012195.xml,1012195,com.nokia.srbts.tnl:SECPOL,TNL25R2_2503_111,MRBTS-1012195/TNLSVC-1/TNL-1/IPAPP-1/IPSECC-1/SECPOL-3,create
2026.05.14,MRBTS1012195.xml,1012195,com.nokia.srbts.tnl:IPNO,TNL25R2_2503_111,MRBTS-1012195/TNLSVC-1/TNL-1/IPNO-1,create
2026.05.14,MRBTS1012195.xml,1012195,com.nokia.srbts.tnl:IPIF,TNL25R2_2503_111,MRBTS-1012195/TNLSVC-1/TNL-1/IPNO-1/IPIF-1,create
2026.05.14,MRBTS1012195.xml,1012195,com.nokia.srbts.tnl:IPADDRESSV4,TNL25R2_2503_111,MRBTS-1012195/TNLSVC-1/TNL-1/IPNO-1/IPIF-1/IPADDRESSV4-1,create
2026.05.14,MRBTS1012195.xml,1012195,com.nokia.srbts.tnl:IPADDRESSV4_R,TNL25R2_2503_111,MRBTS-1012195/TNLSVC-1/TNL-1/IPNO-1/IPIF-1/IPADDRESSV4-1/IPADDRESSV4_R-1,create
2026.05.14,MRBTS1012195.xml,1012195,com.nokia.srbts.tnl:IPIF_R,TNL25R2_2503_111,MRBTS-1012195/TNLSVC-1/TNL-1/IPNO-1/IPIF-1/IPIF_R-1,create
2026.05.14,MRBTS1012195.xml,1012195,com.nokia.srbts.tnl:IPIF,TNL25R2_2503_111,MRBTS-1012195/TNLSVC-1/TNL-1/IPNO-1/IPIF-2,create
2026.05.14,MRBTS1012195.xml,1012195,com.nokia.srbts.tnl:IPADDRESSV4,TNL25R2_2503_111,MRBTS-1012195/TNLSVC-1/TNL-1/IPNO-1/IPIF-2/IPADDRESSV4-1,create
2026.05.14,MRBTS1012195.xml,1012195,com.nokia.srbts.tnl:IPADDRESSV4_R,TNL25R2_2503_111,MRBTS-1012195/TNLSVC-1/TNL-1/IPNO-1/IPIF-2/IPADDRESSV4-1/IPADDRESSV4_R-1,create
2026.05.14,MRBTS1012195.xml,1012195,com.nokia.srbts.tnl:IPIF_R,TNL25R2_2503_111,MRBTS-1012195/TNLSVC-1/TNL-1/IPNO-1/IPIF-2/IPIF_R-1,create
2026.05.14,MRBTS1012195.xml,1012195,com.nokia.srbts.tnl:IPIF,TNL25R2_2503_111,MRBTS-1012195/TNLSVC-1/TNL-1/IPNO-1/IPIF-3,create
2026.05.14,MRBTS1012195.xml,1012195,com.nokia.srbts.tnl:IPADDRESSV4,TNL25R2_2503_111,MRBTS-1012195/TNLSVC-1/TNL-1/IPNO-1/IPIF-3/IPADDRESSV4-1,create
2026.05.14,MRBTS1012195.xml,1012195,com.nokia.srbts.tnl:IPADDRESSV4_R,TNL25R2_2503_111,MRBTS-1012195/TNLSVC-1/TNL-1/IPNO-1/IPIF-3/IPADDRESSV4-1/IPADDRESSV4_R-1,create
2026.05.14,MRBTS1012195.xml,1012195,com.nokia.srbts.tnl:IPIF_R,TNL25R2_2503_111,MRBTS-1012195/TNLSVC-1/TNL-1/IPNO-1/IPIF-3/IPIF_R-1,create
2026.05.14,MRBTS1012195.xml,1012195,com.nokia.srbts.tnl:IPIF,TNL25R2_2503_111,MRBTS-1012195/TNLSVC-1/TNL-1/IPNO-1/IPIF-4,create
2026.05.14,MRBTS1012195.xml,1012195,com.nokia.srbts.tnl:IPADDRESSV4,TNL25R2_2503_111,MRBTS-1012195/TNLSVC-1/TNL-1/IPNO-1/IPIF-4/IPADDRESSV4-1,create
2026.05.14,MRBTS1012195.xml,1012195,com.nokia.srbts.tnl:IPADDRESSV4_R,TNL25R2_2503_111,MRBTS-1012195/TNLSVC-1/TNL-1/IPNO-1/IPIF-4/IPADDRESSV4-1/IPADDRESSV4_R-1,create
2026.05.14,MRBTS1012195.xml,1012195,com.nokia.srbts.tnl:IPADDRESSV4,TNL25R2_2503_111,MRBTS-1012195/TNLSVC-1/TNL-1/IPNO-1/IPIF-4/IPADDRESSV4-2,create
2026.05.14,MRBTS1012195.xml,1012195,com.nokia.srbts.tnl:IPADDRESSV4_R,TNL25R2_2503_111,MRBTS-1012195/TNLSVC-1/TNL-1/IPNO-1/IPIF-4/IPADDRESSV4-2/IPADDRESSV4_R-1,create
2026.05.14,MRBTS1012195.xml,1012195,com.nokia.srbts.tnl:IPADDRESSV4,TNL25R2_2503_111,MRBTS-1012195/TNLSVC-1/TNL-1/IPNO-1/IPIF-4/IPADDRESSV4-3,create
2026.05.14,MRBTS1012195.xml,1012195,com.nokia.srbts.tnl:IPADDRESSV4_R,TNL25R2_2503_111,MRBTS-1012195/TNLSVC-1/TNL-1/IPNO-1/IPIF-4/IPADDRESSV4-3/IPADDRESSV4_R-1,create
2026.05.14,MRBTS1012195.xml,1012195,com.nokia.srbts.tnl:IPIF_R,TNL25R2_2503_111,MRBTS-1012195/TNLSVC-1/TNL-1/IPNO-1/IPIF-4/IPIF_R-1,create
2026.05.14,MRBTS1012195.xml,1012195,com.nokia.srbts.tnl:IPIF,TNL25R2_2503_111,MRBTS-1012195/TNLSVC-1/TNL-1/IPNO-1/IPIF-5,create
2026.05.14,MRBTS1012195.xml,1012195,com.nokia.srbts.tnl:IPADDRESSV4,TNL25R2_2503_111,MRBTS-1012195/TNLSVC-1/TNL-1/IPNO-1/IPIF-5/IPADDRESSV4-1,create
2026.05.14,MRBTS1012195.xml,1012195,com.nokia.srbts.tnl:IPADDRESSV4_R,TNL25R2_2503_111,MRBTS-1012195/TNLSVC-1/TNL-1/IPNO-1/IPIF-5/IPADDRESSV4-1/IPADDRESSV4_R-1,create
2026.05.14,MRBTS1012195.xml,1012195,com.nokia.srbts.tnl:IPIF_R,TNL25R2_2503_111,MRBTS-1012195/TNLSVC-1/TNL-1/IPNO-1/IPIF-5/IPIF_R-1,create
2026.05.14,MRBTS1012195.xml,1012195,com.nokia.srbts.tnl:IPRT,TNL25R2_2503_111,MRBTS-1012195/TNLSVC-1/TNL-1/IPNO-1/IPRT-1,create
2026.05.14,MRBTS1012195.xml,1012195,com.nokia.srbts.tnl:IPRT_R,TNL25R2_2503_111,MRBTS-1012195/TNLSVC-1/TNL-1/IPNO-1/IPRT-1/IPRT_R-1,create
2026.05.14,MRBTS1012195.xml,1012195,com.nokia.srbts.tnl:IPRT,TNL25R2_2503_111,MRBTS-1012195/TNLSVC-1/TNL-1/IPNO-1/IPRT-2,create
2026.05.14,MRBTS1012195.xml,1012195,com.nokia.srbts.tnl:IPRT_R,TNL25R2_2503_111,MRBTS-1012195/TNLSVC-1/TNL-1/IPNO-1/IPRT-2/IPRT_R-1,create
2026.05.14,MRBTS1012195.xml,1012195,com.nokia.srbts.tnl:IPRT,TNL25R2_2503_111,MRBTS-1012195/TNLSVC-1/TNL-1/IPNO-1/IPRT-3,create
2026.05.14,MRBTS1012195.xml,1012195,com.nokia.srbts.tnl:IPRT_R,TNL25R2_2503_111,MRBTS-1012195/TNLSVC-1/TNL-1/IPNO-1/IPRT-3/IPRT_R-1,create
2026.05.14,MRBTS1012195.xml,1012195,com.nokia.srbts.tnl:IPRT,TNL25R2_2503_111,MRBTS-1012195/TNLSVC-1/TNL-1/IPNO-1/IPRT-4,create
2026.05.14,MRBTS1012195.xml,1012195,com.nokia.srbts.tnl:IPRT_R,TNL25R2_2503_111,MRBTS-1012195/TNLSVC-1/TNL-1/IPNO-1/IPRT-4/IPRT_R-1,create
2026.05.14,MRBTS1012195.xml,1012195,com.nokia.srbts.tnl:IPRTV6,TNL25R2_2503_111,MRBTS-1012195/TNLSVC-1/TNL-1/IPNO-1/IPRTV6-1,create
2026.05.14,MRBTS1012195.xml,1012195,com.nokia.srbts.tnl:IPRTV6_R,TNL25R2_2503_111,MRBTS-1012195/TNLSVC-1/TNL-1/IPNO-1/IPRTV6-1/IPRTV6_R-1,create
2026.05.14,MRBTS1012195.xml,1012195,com.nokia.srbts.tnl:QOS,TNL25R2_2503_111,MRBTS-1012195/TNLSVC-1/TNL-1/IPNO-1/QOS-1,create
2026.05.14,MRBTS1012195.xml,1012195,com.nokia.srbts.tnl:DSCP2PCPMAP,TNL25R2_2503_111,MRBTS-1012195/TNLSVC-1/TNL-1/IPNO-1/QOS-1/DSCP2PCPMAP-1,create
2026.05.14,MRBTS1012195.xml,1012195,com.nokia.srbts.tnl:DSCP2QMAP,TNL25R2_2503_111,MRBTS-1012195/TNLSVC-1/TNL-1/IPNO-1/QOS-1/DSCP2QMAP-1,create
2026.05.14,MRBTS1012195.xml,1012195,com.nokia.srbts.tnl:RTPOL,TNL25R2_2503_111,MRBTS-1012195/TNLSVC-1/TNL-1/IPNO-1/RTPOL-1,create
2026.05.14,MRBTS1012195.xml,1012195,com.nokia.srbts.tnl:TNL_R,TNL25R2_2503_111,MRBTS-1012195/TNLSVC-1/TNL-1/TNL_R-1,create
2026.05.14,MRBTS1012195.xml,1012195,com.nokia.srbts.tnl:TNL,TNL25R2_2503_111,MRBTS-1012195/TNLSVC-1/TNL-2,create
2026.05.14,MRBTS1012195.xml,1012195,com.nokia.srbts.tnl:ETHSVC,TNL25R2_2503_111,MRBTS-1012195/TNLSVC-1/TNL-2/ETHSVC-1,create
2026.05.14,MRBTS1012195.xml,1012195,com.nokia.srbts.tnl:ETHIF,TNL25R2_2503_111,MRBTS-1012195/TNLSVC-1/TNL-2/ETHSVC-1/ETHIF-1,create
2026.05.14,MRBTS1012195.xml,1012195,com.nokia.srbts.tnl:VLANIF,TNL25R2_2503_111,MRBTS-1012195/TNLSVC-1/TNL-2/ETHSVC-1/ETHIF-1/VLANIF-1,create
2026.05.14,MRBTS1012195.xml,1012195,com.nokia.srbts.tnl:ETHIF,TNL25R2_2503_111,MRBTS-1012195/TNLSVC-1/TNL-2/ETHSVC-1/ETHIF-2,create
2026.05.14,MRBTS1012195.xml,1012195,com.nokia.srbts.tnl:VLANIF,TNL25R2_2503_111,MRBTS-1012195/TNLSVC-1/TNL-2/ETHSVC-1/ETHIF-2/VLANIF-1,create
2026.05.14,MRBTS1012195.xml,1012195,com.nokia.srbts.tnl:ETHIF,TNL25R2_2503_111,MRBTS-1012195/TNLSVC-1/TNL-2/ETHSVC-1/ETHIF-3,create
2026.05.14,MRBTS1012195.xml,1012195,com.nokia.srbts.tnl:VLANIF,TNL25R2_2503_111,MRBTS-1012195/TNLSVC-1/TNL-2/ETHSVC-1/ETHIF-3/VLANIF-1,create
2026.05.14,MRBTS1012195.xml,1012195,com.nokia.srbts.tnl:ETHLK,TNL25R2_2503_111,MRBTS-1012195/TNLSVC-1/TNL-2/ETHSVC-1/ETHLK-1,create
2026.05.14,MRBTS1012195.xml,1012195,com.nokia.srbts.tnl:ETHLK,TNL25R2_2503_111,MRBTS-1012195/TNLSVC-1/TNL-2/ETHSVC-1/ETHLK-2,create
2026.05.14,MRBTS1012195.xml,1012195,com.nokia.srbts.tnl:ETHLK,TNL25R2_2503_111,MRBTS-1012195/TNLSVC-1/TNL-2/ETHSVC-1/ETHLK-3,create
2026.05.14,MRBTS1012195.xml,1012195,com.nokia.srbts.tnl:IPNO,TNL25R2_2503_111,MRBTS-1012195/TNLSVC-1/TNL-2/IPNO-1,create
2026.05.14,MRBTS1012195.xml,1012195,com.nokia.srbts.tnl:TNL_R,TNL25R2_2503_111,MRBTS-1012195/TNLSVC-1/TNL-2/TNL_R-1,create
